-- SIMRP SQLite backup
-- Source: database/runtime/database.db
-- Generated: 2026-02-09T19:42:10.662659

BEGIN TRANSACTION;
CREATE TABLE audit_logs (
      id INTEGER PRIMARY KEY AUTOINCREMENT,
      actor_user_id TEXT,
      action TEXT NOT NULL,
      entity_type TEXT NOT NULL,
      entity_id TEXT,
      payload_json TEXT NOT NULL DEFAULT '{}',
      created_at TEXT NOT NULL
    );
CREATE TABLE event_participation (
      id INTEGER PRIMARY KEY AUTOINCREMENT,
      event_id TEXT NOT NULL,
      user_id TEXT NOT NULL,
      status TEXT NOT NULL CHECK(status IN ('registered','attended','reported')),
      checklist_done INTEGER NOT NULL DEFAULT 0,
      created_at TEXT NOT NULL,
      updated_at TEXT NOT NULL,
      UNIQUE(event_id, user_id),
      FOREIGN KEY (event_id) REFERENCES "events_legacy"(id) ON DELETE CASCADE,
      FOREIGN KEY (user_id) REFERENCES users(id) ON DELETE CASCADE
    );
CREATE TABLE event_reports (
      id TEXT PRIMARY KEY,
      event_id TEXT NOT NULL,
      user_id TEXT NOT NULL,
      participants INTEGER NOT NULL,
      checklist_json TEXT NOT NULL,
      outcome_tags_json TEXT NOT NULL,
      photo_url TEXT,
      status TEXT NOT NULL CHECK(status IN ('pending','verified','rejected')),
      points_awarded INTEGER NOT NULL DEFAULT 0,
      verified_by_user_id TEXT,
      verified_at TEXT,
      created_at TEXT NOT NULL,
      updated_at TEXT NOT NULL,
      FOREIGN KEY (event_id) REFERENCES "events_legacy"(id) ON DELETE CASCADE,
      FOREIGN KEY (user_id) REFERENCES users(id) ON DELETE CASCADE
    );
CREATE TABLE events (
      id TEXT PRIMARY KEY,
      title TEXT NOT NULL,
      description TEXT,
      pillar INTEGER NOT NULL,
      event_date TEXT NOT NULL,
      event_time TEXT,
      location TEXT,
      quota INTEGER NOT NULL DEFAULT 0,
      scope_type TEXT NOT NULL CHECK(scope_type IN ('kelurahan','kecamatan')),
      kecamatan_id INTEGER NOT NULL,
      kelurahan_id INTEGER,
      created_by_user_id TEXT NOT NULL,
      status TEXT NOT NULL CHECK(status IN ('draft','approved','published','completed')),
      output_summary TEXT,
      published_at TEXT,
      completed_at TEXT,
      completed_by_user_id TEXT,
      created_at TEXT NOT NULL,
      updated_at TEXT NOT NULL,
      FOREIGN KEY (kecamatan_id) REFERENCES kecamatan(id),
      FOREIGN KEY (kelurahan_id) REFERENCES kelurahan(id),
      FOREIGN KEY (created_by_user_id) REFERENCES users(id)
    );
INSERT INTO "events" VALUES('event-seed-1','Aksi Bersih Taman Kampung','Pembersihan area publik.',1,'2026-02-20','07:00','Balai RW Keputih',40,'kelurahan',10,50,'f9a458ed-c3db-4144-be87-8468c53b3c23','published',NULL,'2026-02-09T07:38:05.350519+00:00',NULL,NULL,'2026-02-09T07:38:05.350519+00:00','2026-02-09T07:38:05.350519+00:00');
INSERT INTO "events" VALUES('event-seed-2','Pelatihan UMKM Digital','Pendampingan UMKM kampung.',2,'2026-02-22','13:00','Aula Kelurahan',30,'kelurahan',10,50,'f9a458ed-c3db-4144-be87-8468c53b3c23','published',NULL,'2026-02-09T07:38:05.350519+00:00',NULL,NULL,'2026-02-09T07:38:05.350519+00:00','2026-02-09T07:38:05.350519+00:00');
INSERT INTO "events" VALUES('event-seed-3','Forum Guyub Warga','Forum sosial antar warga.',3,'2026-02-25','19:00','Pendopo Wonorejo',50,'kelurahan',1,4,'f9a458ed-c3db-4144-be87-8468c53b3c23','published',NULL,'2026-02-09T07:38:05.350519+00:00',NULL,NULL,'2026-02-09T07:38:05.350519+00:00','2026-02-09T07:38:05.350519+00:00');
INSERT INTO "events" VALUES('event-seed-4','Festival Seni Kampung','Kegiatan budaya lokal.',4,'2026-02-27','18:00','Lapangan Bulak',60,'kelurahan',21,103,'f9a458ed-c3db-4144-be87-8468c53b3c23','draft',NULL,NULL,NULL,NULL,'2026-02-09T07:38:05.350519+00:00','2026-02-09T07:38:05.350519+00:00');
INSERT INTO "events" VALUES('event-604f511c15','Uji Alur End-to-End','Testing flow lokal',1,'2026-02-28','08:00','Balai RW',25,'kelurahan',10,50,'f9a458ed-c3db-4144-be87-8468c53b3c23','completed','Kegiatan selesai sesuai rencana','2026-02-09T07:53:11.789230+00:00','2026-02-09T07:53:11.795855+00:00','3bb53ee5-d699-4b44-99df-f4f13c46017f','2026-02-09T07:53:11.781341+00:00','2026-02-09T07:53:11.795855+00:00');
INSERT INTO "events" VALUES('event-a93a6ff7b3','Scope Kelurahan Test','test',1,'2026-03-10','08:00','Balai',5,'kelurahan',14,69,'f9a458ed-c3db-4144-be87-8468c53b3c23','draft',NULL,NULL,NULL,NULL,'2026-02-09T09:19:26.895887+00:00','2026-02-09T09:19:26.895887+00:00');
INSERT INTO "events" VALUES('event-49c991818c','Scope Kecamatan Test','test',2,'2026-03-11','09:00','Kantor Camat',5,'kecamatan',14,NULL,'f9a458ed-c3db-4144-be87-8468c53b3c23','draft',NULL,NULL,NULL,NULL,'2026-02-09T09:19:26.899625+00:00','2026-02-09T09:19:26.899625+00:00');
INSERT INTO "events" VALUES('event-49353d8559','Scope Kelurahan Test 2','test',1,'2026-03-10','08:00','Balai',5,'kelurahan',10,50,'f9a458ed-c3db-4144-be87-8468c53b3c23','published',NULL,'2026-02-09T09:20:10.986038+00:00',NULL,NULL,'2026-02-09T09:20:10.970685+00:00','2026-02-09T09:20:10.986038+00:00');
INSERT INTO "events" VALUES('event-8b76a819ae','Scope Kecamatan Test 2','test',2,'2026-03-11','09:00','Kantor Camat',5,'kecamatan',10,NULL,'f9a458ed-c3db-4144-be87-8468c53b3c23','published',NULL,'2026-02-09T09:20:10.991166+00:00',NULL,NULL,'2026-02-09T09:20:10.974048+00:00','2026-02-09T09:20:10.991166+00:00');
INSERT INTO "events" VALUES('event-a9d822edb7','Test Draft Auth','auth check',1,'2026-03-10','08:00','Balai',10,'kelurahan',14,69,'f9a458ed-c3db-4144-be87-8468c53b3c23','draft',NULL,NULL,NULL,NULL,'2026-02-09T10:44:39.848369+00:00','2026-02-09T10:44:39.848369+00:00');
CREATE TABLE kampung_mapping (
      id INTEGER PRIMARY KEY AUTOINCREMENT,
      kelurahan_id INTEGER NOT NULL,
      postal_code_id INTEGER NOT NULL,
      UNIQUE(kelurahan_id, postal_code_id),
      FOREIGN KEY (kelurahan_id) REFERENCES kelurahan(id) ON DELETE CASCADE,
      FOREIGN KEY (postal_code_id) REFERENCES postal_codes(id) ON DELETE CASCADE
    );
INSERT INTO "kampung_mapping" VALUES(1,1,1);
INSERT INTO "kampung_mapping" VALUES(2,2,2);
INSERT INTO "kampung_mapping" VALUES(3,3,3);
INSERT INTO "kampung_mapping" VALUES(4,4,4);
INSERT INTO "kampung_mapping" VALUES(5,5,5);
INSERT INTO "kampung_mapping" VALUES(6,6,6);
INSERT INTO "kampung_mapping" VALUES(7,7,7);
INSERT INTO "kampung_mapping" VALUES(8,8,8);
INSERT INTO "kampung_mapping" VALUES(9,9,9);
INSERT INTO "kampung_mapping" VALUES(10,10,10);
INSERT INTO "kampung_mapping" VALUES(11,11,11);
INSERT INTO "kampung_mapping" VALUES(12,12,12);
INSERT INTO "kampung_mapping" VALUES(13,13,13);
INSERT INTO "kampung_mapping" VALUES(14,14,14);
INSERT INTO "kampung_mapping" VALUES(15,15,15);
INSERT INTO "kampung_mapping" VALUES(16,16,16);
INSERT INTO "kampung_mapping" VALUES(17,17,17);
INSERT INTO "kampung_mapping" VALUES(18,18,18);
INSERT INTO "kampung_mapping" VALUES(19,19,19);
INSERT INTO "kampung_mapping" VALUES(20,20,20);
INSERT INTO "kampung_mapping" VALUES(21,21,21);
INSERT INTO "kampung_mapping" VALUES(22,22,13);
INSERT INTO "kampung_mapping" VALUES(23,23,23);
INSERT INTO "kampung_mapping" VALUES(24,24,24);
INSERT INTO "kampung_mapping" VALUES(25,25,25);
INSERT INTO "kampung_mapping" VALUES(26,26,26);
INSERT INTO "kampung_mapping" VALUES(27,27,27);
INSERT INTO "kampung_mapping" VALUES(28,28,28);
INSERT INTO "kampung_mapping" VALUES(29,29,29);
INSERT INTO "kampung_mapping" VALUES(30,30,30);
INSERT INTO "kampung_mapping" VALUES(31,31,31);
INSERT INTO "kampung_mapping" VALUES(32,32,32);
INSERT INTO "kampung_mapping" VALUES(33,33,33);
INSERT INTO "kampung_mapping" VALUES(34,34,34);
INSERT INTO "kampung_mapping" VALUES(35,35,35);
INSERT INTO "kampung_mapping" VALUES(36,36,36);
INSERT INTO "kampung_mapping" VALUES(37,37,37);
INSERT INTO "kampung_mapping" VALUES(38,38,38);
INSERT INTO "kampung_mapping" VALUES(39,39,35);
INSERT INTO "kampung_mapping" VALUES(40,40,40);
INSERT INTO "kampung_mapping" VALUES(41,41,38);
INSERT INTO "kampung_mapping" VALUES(42,42,42);
INSERT INTO "kampung_mapping" VALUES(43,43,42);
INSERT INTO "kampung_mapping" VALUES(44,44,34);
INSERT INTO "kampung_mapping" VALUES(45,45,45);
INSERT INTO "kampung_mapping" VALUES(46,46,46);
INSERT INTO "kampung_mapping" VALUES(47,47,47);
INSERT INTO "kampung_mapping" VALUES(48,48,48);
INSERT INTO "kampung_mapping" VALUES(49,49,45);
INSERT INTO "kampung_mapping" VALUES(50,50,48);
INSERT INTO "kampung_mapping" VALUES(51,51,47);
INSERT INTO "kampung_mapping" VALUES(52,52,52);
INSERT INTO "kampung_mapping" VALUES(53,53,53);
INSERT INTO "kampung_mapping" VALUES(54,54,53);
INSERT INTO "kampung_mapping" VALUES(55,55,55);
INSERT INTO "kampung_mapping" VALUES(56,56,56);
INSERT INTO "kampung_mapping" VALUES(57,57,56);
INSERT INTO "kampung_mapping" VALUES(58,58,58);
INSERT INTO "kampung_mapping" VALUES(59,59,59);
INSERT INTO "kampung_mapping" VALUES(60,60,60);
INSERT INTO "kampung_mapping" VALUES(61,61,61);
INSERT INTO "kampung_mapping" VALUES(62,62,62);
INSERT INTO "kampung_mapping" VALUES(63,63,62);
INSERT INTO "kampung_mapping" VALUES(64,64,13);
INSERT INTO "kampung_mapping" VALUES(65,65,14);
INSERT INTO "kampung_mapping" VALUES(66,66,66);
INSERT INTO "kampung_mapping" VALUES(67,67,66);
INSERT INTO "kampung_mapping" VALUES(68,68,68);
INSERT INTO "kampung_mapping" VALUES(69,69,69);
INSERT INTO "kampung_mapping" VALUES(70,70,70);
INSERT INTO "kampung_mapping" VALUES(71,71,71);
INSERT INTO "kampung_mapping" VALUES(72,72,72);
INSERT INTO "kampung_mapping" VALUES(73,73,73);
INSERT INTO "kampung_mapping" VALUES(74,74,74);
INSERT INTO "kampung_mapping" VALUES(75,75,75);
INSERT INTO "kampung_mapping" VALUES(76,76,76);
INSERT INTO "kampung_mapping" VALUES(77,77,76);
INSERT INTO "kampung_mapping" VALUES(78,78,78);
INSERT INTO "kampung_mapping" VALUES(79,79,75);
INSERT INTO "kampung_mapping" VALUES(80,80,80);
INSERT INTO "kampung_mapping" VALUES(81,81,81);
INSERT INTO "kampung_mapping" VALUES(82,82,82);
INSERT INTO "kampung_mapping" VALUES(83,83,83);
INSERT INTO "kampung_mapping" VALUES(84,84,81);
INSERT INTO "kampung_mapping" VALUES(85,85,81);
INSERT INTO "kampung_mapping" VALUES(86,86,86);
INSERT INTO "kampung_mapping" VALUES(87,87,87);
INSERT INTO "kampung_mapping" VALUES(88,88,88);
INSERT INTO "kampung_mapping" VALUES(89,89,88);
INSERT INTO "kampung_mapping" VALUES(90,90,86);
INSERT INTO "kampung_mapping" VALUES(91,91,91);
INSERT INTO "kampung_mapping" VALUES(92,92,92);
INSERT INTO "kampung_mapping" VALUES(93,93,73);
INSERT INTO "kampung_mapping" VALUES(94,94,73);
INSERT INTO "kampung_mapping" VALUES(95,95,95);
INSERT INTO "kampung_mapping" VALUES(96,96,62);
INSERT INTO "kampung_mapping" VALUES(97,97,92);
INSERT INTO "kampung_mapping" VALUES(98,98,95);
INSERT INTO "kampung_mapping" VALUES(99,99,26);
INSERT INTO "kampung_mapping" VALUES(100,100,26);
INSERT INTO "kampung_mapping" VALUES(101,101,30);
INSERT INTO "kampung_mapping" VALUES(102,102,62);
INSERT INTO "kampung_mapping" VALUES(103,103,103);
INSERT INTO "kampung_mapping" VALUES(104,104,104);
INSERT INTO "kampung_mapping" VALUES(105,105,105);
INSERT INTO "kampung_mapping" VALUES(106,106,106);
INSERT INTO "kampung_mapping" VALUES(107,107,107);
INSERT INTO "kampung_mapping" VALUES(108,108,108);
INSERT INTO "kampung_mapping" VALUES(109,109,109);
INSERT INTO "kampung_mapping" VALUES(110,110,104);
INSERT INTO "kampung_mapping" VALUES(111,111,111);
INSERT INTO "kampung_mapping" VALUES(112,112,112);
INSERT INTO "kampung_mapping" VALUES(113,113,113);
INSERT INTO "kampung_mapping" VALUES(114,114,114);
INSERT INTO "kampung_mapping" VALUES(115,115,114);
INSERT INTO "kampung_mapping" VALUES(116,116,112);
INSERT INTO "kampung_mapping" VALUES(117,117,117);
INSERT INTO "kampung_mapping" VALUES(118,118,118);
INSERT INTO "kampung_mapping" VALUES(119,119,119);
INSERT INTO "kampung_mapping" VALUES(120,120,120);
INSERT INTO "kampung_mapping" VALUES(121,121,58);
INSERT INTO "kampung_mapping" VALUES(122,122,122);
INSERT INTO "kampung_mapping" VALUES(123,123,123);
INSERT INTO "kampung_mapping" VALUES(124,124,40);
INSERT INTO "kampung_mapping" VALUES(125,125,125);
INSERT INTO "kampung_mapping" VALUES(126,126,126);
INSERT INTO "kampung_mapping" VALUES(127,127,127);
INSERT INTO "kampung_mapping" VALUES(128,128,128);
INSERT INTO "kampung_mapping" VALUES(129,129,129);
INSERT INTO "kampung_mapping" VALUES(130,130,61);
INSERT INTO "kampung_mapping" VALUES(131,131,131);
INSERT INTO "kampung_mapping" VALUES(132,132,132);
INSERT INTO "kampung_mapping" VALUES(133,133,133);
INSERT INTO "kampung_mapping" VALUES(134,134,134);
INSERT INTO "kampung_mapping" VALUES(135,135,135);
INSERT INTO "kampung_mapping" VALUES(136,136,136);
INSERT INTO "kampung_mapping" VALUES(137,137,135);
INSERT INTO "kampung_mapping" VALUES(138,138,138);
INSERT INTO "kampung_mapping" VALUES(139,139,138);
INSERT INTO "kampung_mapping" VALUES(140,140,140);
INSERT INTO "kampung_mapping" VALUES(141,141,82);
INSERT INTO "kampung_mapping" VALUES(142,142,138);
INSERT INTO "kampung_mapping" VALUES(143,143,143);
INSERT INTO "kampung_mapping" VALUES(144,144,143);
INSERT INTO "kampung_mapping" VALUES(145,145,145);
INSERT INTO "kampung_mapping" VALUES(146,146,145);
INSERT INTO "kampung_mapping" VALUES(147,147,147);
INSERT INTO "kampung_mapping" VALUES(148,148,148);
INSERT INTO "kampung_mapping" VALUES(149,149,149);
INSERT INTO "kampung_mapping" VALUES(150,150,150);
INSERT INTO "kampung_mapping" VALUES(151,151,151);
INSERT INTO "kampung_mapping" VALUES(152,152,150);
INSERT INTO "kampung_mapping" VALUES(153,153,153);
CREATE TABLE kecamatan (
      id INTEGER PRIMARY KEY AUTOINCREMENT,
      code TEXT NOT NULL UNIQUE,
      name TEXT NOT NULL UNIQUE
    );
INSERT INTO "kecamatan" VALUES(1,'3578010','Tegalsari');
INSERT INTO "kecamatan" VALUES(2,'3578020','Genteng');
INSERT INTO "kecamatan" VALUES(3,'3578030','Bubutan');
INSERT INTO "kecamatan" VALUES(4,'3578040','Simokerto');
INSERT INTO "kecamatan" VALUES(5,'3578050','Pabean Cantian');
INSERT INTO "kecamatan" VALUES(6,'3578060','Gubeng');
INSERT INTO "kecamatan" VALUES(7,'3578070','Rungkut');
INSERT INTO "kecamatan" VALUES(8,'3578080','Tenggilis Mejoyo');
INSERT INTO "kecamatan" VALUES(9,'3578090','Gunung Anyar');
INSERT INTO "kecamatan" VALUES(10,'3578100','Sukolilo');
INSERT INTO "kecamatan" VALUES(11,'3578110','Mulyorejo');
INSERT INTO "kecamatan" VALUES(12,'3578120','Sawahan');
INSERT INTO "kecamatan" VALUES(13,'3578130','Krembangan');
INSERT INTO "kecamatan" VALUES(14,'3578140','Asemrowo');
INSERT INTO "kecamatan" VALUES(15,'3578150','Benowo');
INSERT INTO "kecamatan" VALUES(16,'3578160','Pakal');
INSERT INTO "kecamatan" VALUES(17,'3578170','Lakarsantri');
INSERT INTO "kecamatan" VALUES(18,'3578180','Sambikerep');
INSERT INTO "kecamatan" VALUES(19,'3578190','Tandes');
INSERT INTO "kecamatan" VALUES(20,'3578200','Sukomanunggal');
INSERT INTO "kecamatan" VALUES(21,'3578210','Bulak');
INSERT INTO "kecamatan" VALUES(22,'3578220','Kenjeran');
INSERT INTO "kecamatan" VALUES(23,'3578230','Semampir');
INSERT INTO "kecamatan" VALUES(24,'3578240','Wonokromo');
INSERT INTO "kecamatan" VALUES(25,'3578250','Wonocolo');
INSERT INTO "kecamatan" VALUES(26,'3578260','Wiyung');
INSERT INTO "kecamatan" VALUES(27,'3578270','Karang Pilang');
INSERT INTO "kecamatan" VALUES(28,'3578280','Jambangan');
INSERT INTO "kecamatan" VALUES(29,'3578290','Gayungan');
INSERT INTO "kecamatan" VALUES(30,'3578300','Dukuh Pakis');
INSERT INTO "kecamatan" VALUES(31,'3578310','Tambaksari');
CREATE TABLE kelurahan (
      id INTEGER PRIMARY KEY AUTOINCREMENT,
      code TEXT NOT NULL UNIQUE,
      kecamatan_id INTEGER NOT NULL,
      name TEXT NOT NULL,
      FOREIGN KEY (kecamatan_id) REFERENCES kecamatan(id) ON DELETE CASCADE
    );
INSERT INTO "kelurahan" VALUES(1,'3578010001',1,'Dr. Soetomo');
INSERT INTO "kelurahan" VALUES(2,'3578010002',1,'Kedungdoro');
INSERT INTO "kelurahan" VALUES(3,'3578010003',1,'Tegalsari');
INSERT INTO "kelurahan" VALUES(4,'3578010004',1,'Wonorejo');
INSERT INTO "kelurahan" VALUES(5,'3578010005',1,'Keputran');
INSERT INTO "kelurahan" VALUES(6,'3578020001',2,'Genteng');
INSERT INTO "kelurahan" VALUES(7,'3578020002',2,'Ketabang');
INSERT INTO "kelurahan" VALUES(8,'3578020003',2,'Kapasari');
INSERT INTO "kelurahan" VALUES(9,'3578020004',2,'Peneleh');
INSERT INTO "kelurahan" VALUES(10,'3578020005',2,'Embong Kaliasin');
INSERT INTO "kelurahan" VALUES(11,'3578030001',3,'Bubutan');
INSERT INTO "kelurahan" VALUES(12,'3578030002',3,'Gundih');
INSERT INTO "kelurahan" VALUES(13,'3578030003',3,'Jepara');
INSERT INTO "kelurahan" VALUES(14,'3578030004',3,'Alun-Alun Contong');
INSERT INTO "kelurahan" VALUES(15,'3578030005',3,'Tembok Dukuh');
INSERT INTO "kelurahan" VALUES(16,'3578040001',4,'Simokerto');
INSERT INTO "kelurahan" VALUES(17,'3578040002',4,'Tambakrejo');
INSERT INTO "kelurahan" VALUES(18,'3578040003',4,'Kapasan');
INSERT INTO "kelurahan" VALUES(19,'3578040004',4,'Simolawang');
INSERT INTO "kelurahan" VALUES(20,'3578040005',4,'Sidodadi');
INSERT INTO "kelurahan" VALUES(21,'3578050001',5,'Bongkaran');
INSERT INTO "kelurahan" VALUES(22,'3578050002',5,'Krembangan Utara');
INSERT INTO "kelurahan" VALUES(23,'3578050003',5,'Perak Barat');
INSERT INTO "kelurahan" VALUES(24,'3578050004',5,'Perak Timur');
INSERT INTO "kelurahan" VALUES(25,'3578050005',5,'Nyamplungan');
INSERT INTO "kelurahan" VALUES(26,'3578060001',6,'Gubeng');
INSERT INTO "kelurahan" VALUES(27,'3578060002',6,'Pucang Sewu');
INSERT INTO "kelurahan" VALUES(28,'3578060003',6,'Mojo');
INSERT INTO "kelurahan" VALUES(29,'3578060004',6,'Airlangga');
INSERT INTO "kelurahan" VALUES(30,'3578060005',6,'Kertajaya');
INSERT INTO "kelurahan" VALUES(31,'3578060006',6,'Barata Jaya');
INSERT INTO "kelurahan" VALUES(32,'3578070001',7,'Wonorejo');
INSERT INTO "kelurahan" VALUES(33,'3578070002',7,'Medokan Ayu');
INSERT INTO "kelurahan" VALUES(34,'3578070003',7,'Kalirungkut');
INSERT INTO "kelurahan" VALUES(35,'3578070004',7,'Penjaringansari');
INSERT INTO "kelurahan" VALUES(36,'3578070005',7,'Kedung Baruk');
INSERT INTO "kelurahan" VALUES(37,'3578070006',7,'Rungkut Kidul');
INSERT INTO "kelurahan" VALUES(38,'3578080001',8,'Tenggilis Mejoyo');
INSERT INTO "kelurahan" VALUES(39,'3578080002',8,'Panjang Jiwo');
INSERT INTO "kelurahan" VALUES(40,'3578080003',8,'Kutisari');
INSERT INTO "kelurahan" VALUES(41,'3578080004',8,'Kendangsari');
INSERT INTO "kelurahan" VALUES(42,'3578090001',9,'Gunung Anyar');
INSERT INTO "kelurahan" VALUES(43,'3578090002',9,'Gunung Anyar Tambak');
INSERT INTO "kelurahan" VALUES(44,'3578090003',9,'Rungkut Menanggal');
INSERT INTO "kelurahan" VALUES(45,'3578100001',10,'Nginden Jangkungan');
INSERT INTO "kelurahan" VALUES(46,'3578100002',10,'Semolowaru');
INSERT INTO "kelurahan" VALUES(47,'3578100003',10,'Klampis Ngasem');
INSERT INTO "kelurahan" VALUES(48,'3578100004',10,'Medokan Semampir');
INSERT INTO "kelurahan" VALUES(49,'3578100005',10,'Menur Pumpungan');
INSERT INTO "kelurahan" VALUES(50,'3578100006',10,'Keputih');
INSERT INTO "kelurahan" VALUES(51,'3578100007',10,'Gebang Putih');
INSERT INTO "kelurahan" VALUES(52,'3578110001',11,'Mulyorejo');
INSERT INTO "kelurahan" VALUES(53,'3578110002',11,'Kalisari');
INSERT INTO "kelurahan" VALUES(54,'3578110003',11,'Kejawan Putih Tambak');
INSERT INTO "kelurahan" VALUES(55,'3578110004',11,'Dukuh Sutorejo');
INSERT INTO "kelurahan" VALUES(56,'3578110005',11,'Kebon Agung');
INSERT INTO "kelurahan" VALUES(57,'3578110006',11,'Manyar Sabrangan');
INSERT INTO "kelurahan" VALUES(58,'3578120001',12,'Sawahan');
INSERT INTO "kelurahan" VALUES(59,'3578120002',12,'Banyu Urip');
INSERT INTO "kelurahan" VALUES(60,'3578120003',12,'Pakis');
INSERT INTO "kelurahan" VALUES(61,'3578120004',12,'Petemon');
INSERT INTO "kelurahan" VALUES(62,'3578120005',12,'Putat Jaya');
INSERT INTO "kelurahan" VALUES(63,'3578120006',12,'Kupang Krajan');
INSERT INTO "kelurahan" VALUES(64,'3578130001',13,'Krembangan Selatan');
INSERT INTO "kelurahan" VALUES(65,'3578130002',13,'Kemayoran');
INSERT INTO "kelurahan" VALUES(66,'3578130003',13,'Dupak');
INSERT INTO "kelurahan" VALUES(67,'3578130004',13,'Perak Utara');
INSERT INTO "kelurahan" VALUES(68,'3578130005',13,'Morokrembangan');
INSERT INTO "kelurahan" VALUES(69,'3578140001',14,'Asemrowo');
INSERT INTO "kelurahan" VALUES(70,'3578140002',14,'Genting');
INSERT INTO "kelurahan" VALUES(71,'3578140003',14,'Tambakrejo');
INSERT INTO "kelurahan" VALUES(72,'3578140004',14,'Greges');
INSERT INTO "kelurahan" VALUES(73,'3578150001',15,'Sememi');
INSERT INTO "kelurahan" VALUES(74,'3578150002',15,'Kandangan');
INSERT INTO "kelurahan" VALUES(75,'3578150003',15,'Romokalisari');
INSERT INTO "kelurahan" VALUES(76,'3578150004',15,'Tambak Oso Wilangun');
INSERT INTO "kelurahan" VALUES(77,'3578160001',16,'Pakal');
INSERT INTO "kelurahan" VALUES(78,'3578160002',16,'Sumber Rejo');
INSERT INTO "kelurahan" VALUES(79,'3578160003',16,'Babat Jerawat');
INSERT INTO "kelurahan" VALUES(80,'3578160004',16,'Benowo');
INSERT INTO "kelurahan" VALUES(81,'3578170001',17,'Bangkingan');
INSERT INTO "kelurahan" VALUES(82,'3578170002',17,'Jeruk');
INSERT INTO "kelurahan" VALUES(83,'3578170003',17,'Lakarsantri');
INSERT INTO "kelurahan" VALUES(84,'3578170004',17,'Lidah Kulon');
INSERT INTO "kelurahan" VALUES(85,'3578170005',17,'Lidah Wetan');
INSERT INTO "kelurahan" VALUES(86,'3578170006',17,'Sumur Welut');
INSERT INTO "kelurahan" VALUES(87,'3578180001',18,'Sambikerep');
INSERT INTO "kelurahan" VALUES(88,'3578180002',18,'Made');
INSERT INTO "kelurahan" VALUES(89,'3578180003',18,'Bringin');
INSERT INTO "kelurahan" VALUES(90,'3578180004',18,'Lontar');
INSERT INTO "kelurahan" VALUES(91,'3578190001',19,'Tandes');
INSERT INTO "kelurahan" VALUES(92,'3578190002',19,'Balongsari');
INSERT INTO "kelurahan" VALUES(93,'3578190003',19,'Manukan Wetan');
INSERT INTO "kelurahan" VALUES(94,'3578190004',19,'Manukan Kulon');
INSERT INTO "kelurahan" VALUES(95,'3578190005',19,'Banjar Sugihan');
INSERT INTO "kelurahan" VALUES(96,'3578190006',19,'Karang Poh');
INSERT INTO "kelurahan" VALUES(97,'3578200001',20,'Sukomanunggal');
INSERT INTO "kelurahan" VALUES(98,'3578200002',20,'Tanjungsari');
INSERT INTO "kelurahan" VALUES(99,'3578200003',20,'Simomulyo');
INSERT INTO "kelurahan" VALUES(100,'3578200004',20,'Simomulyo Baru');
INSERT INTO "kelurahan" VALUES(101,'3578200005',20,'Sonokwijenan');
INSERT INTO "kelurahan" VALUES(102,'3578200006',20,'Putat Gede');
INSERT INTO "kelurahan" VALUES(103,'3578210001',21,'Bulak');
INSERT INTO "kelurahan" VALUES(104,'3578210002',21,'Kedung Cowek');
INSERT INTO "kelurahan" VALUES(105,'3578210003',21,'Kenjeran');
INSERT INTO "kelurahan" VALUES(106,'3578210004',21,'Sukolilo Baru');
INSERT INTO "kelurahan" VALUES(107,'3578220001',22,'Bulak Banteng');
INSERT INTO "kelurahan" VALUES(108,'3578220002',22,'Tanah Kali Kedinding');
INSERT INTO "kelurahan" VALUES(109,'3578220003',22,'Sidotopo Wetan');
INSERT INTO "kelurahan" VALUES(110,'3578220004',22,'Tambak Wedi');
INSERT INTO "kelurahan" VALUES(111,'3578230001',23,'Ampel');
INSERT INTO "kelurahan" VALUES(112,'3578230002',23,'Pegirian');
INSERT INTO "kelurahan" VALUES(113,'3578230003',23,'Sidotopo');
INSERT INTO "kelurahan" VALUES(114,'3578230004',23,'Wonokusumo');
INSERT INTO "kelurahan" VALUES(115,'3578230005',23,'Ujung');
INSERT INTO "kelurahan" VALUES(116,'3578240001',24,'Wonokromo');
INSERT INTO "kelurahan" VALUES(117,'3578240002',24,'Darmo');
INSERT INTO "kelurahan" VALUES(118,'3578240003',24,'Ngagel');
INSERT INTO "kelurahan" VALUES(119,'3578240004',24,'Ngagelrejo');
INSERT INTO "kelurahan" VALUES(120,'3578240005',24,'Jagir');
INSERT INTO "kelurahan" VALUES(121,'3578240006',24,'Sawunggaling');
INSERT INTO "kelurahan" VALUES(122,'3578250001',25,'Bendul Merisi');
INSERT INTO "kelurahan" VALUES(123,'3578250002',25,'Margorejo');
INSERT INTO "kelurahan" VALUES(124,'3578250003',25,'Sidosermo');
INSERT INTO "kelurahan" VALUES(125,'3578250004',25,'Siwalankerto');
INSERT INTO "kelurahan" VALUES(126,'3578250005',25,'Jemur Wonosari');
INSERT INTO "kelurahan" VALUES(127,'3578260001',26,'Wiyung');
INSERT INTO "kelurahan" VALUES(128,'3578260002',26,'Balas Klumprik');
INSERT INTO "kelurahan" VALUES(129,'3578260003',26,'Babatan');
INSERT INTO "kelurahan" VALUES(130,'3578260004',26,'Jajar Tunggal');
INSERT INTO "kelurahan" VALUES(131,'3578270001',27,'Karang Pilang');
INSERT INTO "kelurahan" VALUES(132,'3578270002',27,'Kebraon');
INSERT INTO "kelurahan" VALUES(133,'3578270003',27,'Kedurus');
INSERT INTO "kelurahan" VALUES(134,'3578270004',27,'Warugunung');
INSERT INTO "kelurahan" VALUES(135,'3578280001',28,'Jambangan');
INSERT INTO "kelurahan" VALUES(136,'3578280002',28,'Karah');
INSERT INTO "kelurahan" VALUES(137,'3578280003',28,'Kebonsari');
INSERT INTO "kelurahan" VALUES(138,'3578280004',28,'Pagesangan');
INSERT INTO "kelurahan" VALUES(139,'3578290001',29,'Dukuh Menanggal');
INSERT INTO "kelurahan" VALUES(140,'3578290002',29,'Gayungan');
INSERT INTO "kelurahan" VALUES(141,'3578290003',29,'Ketintang');
INSERT INTO "kelurahan" VALUES(142,'3578290004',29,'Menanggal');
INSERT INTO "kelurahan" VALUES(143,'3578300001',30,'Dukuh Pakis');
INSERT INTO "kelurahan" VALUES(144,'3578300002',30,'Dukuh Kupang');
INSERT INTO "kelurahan" VALUES(145,'3578300003',30,'Gunung Sari');
INSERT INTO "kelurahan" VALUES(146,'3578300004',30,'Pradah Kalikendal');
INSERT INTO "kelurahan" VALUES(147,'3578310001',31,'Tambaksari');
INSERT INTO "kelurahan" VALUES(148,'3578310002',31,'Rangkah');
INSERT INTO "kelurahan" VALUES(149,'3578310003',31,'Gading');
INSERT INTO "kelurahan" VALUES(150,'3578310004',31,'Kapas Madya');
INSERT INTO "kelurahan" VALUES(151,'3578310005',31,'Dukuh Setro');
INSERT INTO "kelurahan" VALUES(152,'3578310006',31,'Pacar Keling');
INSERT INTO "kelurahan" VALUES(153,'3578310007',31,'Ploso');
CREATE TABLE postal_codes (
      id INTEGER PRIMARY KEY AUTOINCREMENT,
      code TEXT NOT NULL UNIQUE
    );
INSERT INTO "postal_codes" VALUES(1,'60264');
INSERT INTO "postal_codes" VALUES(2,'60261');
INSERT INTO "postal_codes" VALUES(3,'60262');
INSERT INTO "postal_codes" VALUES(4,'60263');
INSERT INTO "postal_codes" VALUES(5,'60265');
INSERT INTO "postal_codes" VALUES(6,'60275');
INSERT INTO "postal_codes" VALUES(7,'60272');
INSERT INTO "postal_codes" VALUES(8,'60273');
INSERT INTO "postal_codes" VALUES(9,'60274');
INSERT INTO "postal_codes" VALUES(10,'60271');
INSERT INTO "postal_codes" VALUES(11,'60174');
INSERT INTO "postal_codes" VALUES(12,'60172');
INSERT INTO "postal_codes" VALUES(13,'60175');
INSERT INTO "postal_codes" VALUES(14,'60176');
INSERT INTO "postal_codes" VALUES(15,'60173');
INSERT INTO "postal_codes" VALUES(16,'60143');
INSERT INTO "postal_codes" VALUES(17,'60141');
INSERT INTO "postal_codes" VALUES(18,'60142');
INSERT INTO "postal_codes" VALUES(19,'60144');
INSERT INTO "postal_codes" VALUES(20,'60145');
INSERT INTO "postal_codes" VALUES(21,'60161');
INSERT INTO "postal_codes" VALUES(23,'60165');
INSERT INTO "postal_codes" VALUES(24,'60164');
INSERT INTO "postal_codes" VALUES(25,'60162');
INSERT INTO "postal_codes" VALUES(26,'60281');
INSERT INTO "postal_codes" VALUES(27,'60283');
INSERT INTO "postal_codes" VALUES(28,'60285');
INSERT INTO "postal_codes" VALUES(29,'60286');
INSERT INTO "postal_codes" VALUES(30,'60282');
INSERT INTO "postal_codes" VALUES(31,'60284');
INSERT INTO "postal_codes" VALUES(32,'60296');
INSERT INTO "postal_codes" VALUES(33,'60295');
INSERT INTO "postal_codes" VALUES(34,'60293');
INSERT INTO "postal_codes" VALUES(35,'60299');
INSERT INTO "postal_codes" VALUES(36,'60298');
INSERT INTO "postal_codes" VALUES(37,'60297');
INSERT INTO "postal_codes" VALUES(38,'60292');
INSERT INTO "postal_codes" VALUES(40,'60291');
INSERT INTO "postal_codes" VALUES(42,'60294');
INSERT INTO "postal_codes" VALUES(45,'60118');
INSERT INTO "postal_codes" VALUES(46,'60119');
INSERT INTO "postal_codes" VALUES(47,'60117');
INSERT INTO "postal_codes" VALUES(48,'60111');
INSERT INTO "postal_codes" VALUES(52,'60115');
INSERT INTO "postal_codes" VALUES(53,'60112');
INSERT INTO "postal_codes" VALUES(55,'60113');
INSERT INTO "postal_codes" VALUES(56,'60116');
INSERT INTO "postal_codes" VALUES(58,'60251');
INSERT INTO "postal_codes" VALUES(59,'60254');
INSERT INTO "postal_codes" VALUES(60,'60256');
INSERT INTO "postal_codes" VALUES(61,'60252');
INSERT INTO "postal_codes" VALUES(62,'60189');
INSERT INTO "postal_codes" VALUES(66,'60177');
INSERT INTO "postal_codes" VALUES(68,'60178');
INSERT INTO "postal_codes" VALUES(69,'60182');
INSERT INTO "postal_codes" VALUES(70,'60183');
INSERT INTO "postal_codes" VALUES(71,'60184');
INSERT INTO "postal_codes" VALUES(72,'60191');
INSERT INTO "postal_codes" VALUES(73,'60185');
INSERT INTO "postal_codes" VALUES(74,'60199');
INSERT INTO "postal_codes" VALUES(75,'60195');
INSERT INTO "postal_codes" VALUES(76,'60197');
INSERT INTO "postal_codes" VALUES(78,'60196');
INSERT INTO "postal_codes" VALUES(80,'60198');
INSERT INTO "postal_codes" VALUES(81,'60213');
INSERT INTO "postal_codes" VALUES(82,'60231');
INSERT INTO "postal_codes" VALUES(83,'60215');
INSERT INTO "postal_codes" VALUES(86,'60216');
INSERT INTO "postal_codes" VALUES(87,'60217');
INSERT INTO "postal_codes" VALUES(88,'60219');
INSERT INTO "postal_codes" VALUES(91,'60186');
INSERT INTO "postal_codes" VALUES(92,'60188');
INSERT INTO "postal_codes" VALUES(95,'60187');
INSERT INTO "postal_codes" VALUES(103,'60121');
INSERT INTO "postal_codes" VALUES(104,'60128');
INSERT INTO "postal_codes" VALUES(105,'60127');
INSERT INTO "postal_codes" VALUES(106,'60122');
INSERT INTO "postal_codes" VALUES(107,'60125');
INSERT INTO "postal_codes" VALUES(108,'60129');
INSERT INTO "postal_codes" VALUES(109,'60126');
INSERT INTO "postal_codes" VALUES(111,'60151');
INSERT INTO "postal_codes" VALUES(112,'60243');
INSERT INTO "postal_codes" VALUES(113,'60149');
INSERT INTO "postal_codes" VALUES(114,'60155');
INSERT INTO "postal_codes" VALUES(117,'60241');
INSERT INTO "postal_codes" VALUES(118,'60246');
INSERT INTO "postal_codes" VALUES(119,'60245');
INSERT INTO "postal_codes" VALUES(120,'60244');
INSERT INTO "postal_codes" VALUES(122,'60239');
INSERT INTO "postal_codes" VALUES(123,'60238');
INSERT INTO "postal_codes" VALUES(125,'60236');
INSERT INTO "postal_codes" VALUES(126,'60237');
INSERT INTO "postal_codes" VALUES(127,'60228');
INSERT INTO "postal_codes" VALUES(128,'60229');
INSERT INTO "postal_codes" VALUES(129,'60227');
INSERT INTO "postal_codes" VALUES(131,'60221');
INSERT INTO "postal_codes" VALUES(132,'60222');
INSERT INTO "postal_codes" VALUES(133,'60223');
INSERT INTO "postal_codes" VALUES(134,'60224');
INSERT INTO "postal_codes" VALUES(135,'60233');
INSERT INTO "postal_codes" VALUES(136,'60232');
INSERT INTO "postal_codes" VALUES(138,'60234');
INSERT INTO "postal_codes" VALUES(140,'60235');
INSERT INTO "postal_codes" VALUES(143,'60225');
INSERT INTO "postal_codes" VALUES(145,'60226');
INSERT INTO "postal_codes" VALUES(147,'60136');
INSERT INTO "postal_codes" VALUES(148,'60132');
INSERT INTO "postal_codes" VALUES(149,'60134');
INSERT INTO "postal_codes" VALUES(150,'60131');
INSERT INTO "postal_codes" VALUES(151,'60133');
INSERT INTO "postal_codes" VALUES(153,'60137');
CREATE TABLE role_attributes (
      id INTEGER PRIMARY KEY AUTOINCREMENT,
      role_id INTEGER NOT NULL,
      attribute_key TEXT NOT NULL,
      attribute_value TEXT NOT NULL,
      FOREIGN KEY (role_id) REFERENCES roles(id) ON DELETE CASCADE
    );
CREATE TABLE roles (
      id INTEGER PRIMARY KEY AUTOINCREMENT,
      code TEXT NOT NULL UNIQUE,
      name TEXT NOT NULL
    );
INSERT INTO "roles" VALUES(1,'user','Relawan');
INSERT INTO "roles" VALUES(2,'ksh','Verified KSH');
INSERT INTO "roles" VALUES(3,'moderator_t1','Moderator Tier 1');
INSERT INTO "roles" VALUES(4,'moderator_t2','Moderator Tier 2');
INSERT INTO "roles" VALUES(5,'moderator_t3','Moderator Tier 3');
INSERT INTO "roles" VALUES(6,'admin','Administrator');
CREATE TABLE sessions (
      token TEXT PRIMARY KEY,
      user_id TEXT NOT NULL,
      expires_at TEXT NOT NULL,
      created_at TEXT NOT NULL,
      FOREIGN KEY (user_id) REFERENCES users(id) ON DELETE CASCADE
    );
INSERT INTO "sessions" VALUES('eee9a4ef-de4c-4a57-86e2-2c93e3b95808','0cdce34d-a9f4-4be4-a6ba-0f8493351402','2026-02-16T07:38:25.426178+00:00','2026-02-09T07:38:25.426178+00:00');
INSERT INTO "sessions" VALUES('6a3634dd-db09-4121-af68-e0d772406eb2','df517ff2-04f1-47cb-9578-c87cf7ad75bf','2026-02-16T07:38:25.464445+00:00','2026-02-09T07:38:25.464445+00:00');
INSERT INTO "sessions" VALUES('f323c96d-fc9e-4013-a96c-426e6a00824e','f9a458ed-c3db-4144-be87-8468c53b3c23','2026-02-16T07:53:11.614626+00:00','2026-02-09T07:53:11.614626+00:00');
INSERT INTO "sessions" VALUES('9e7fd63f-565c-48fe-b8c3-9eaa3cb757cd','ed0caf12-a57c-4b25-ba34-14faef7d5795','2026-02-16T07:53:11.692327+00:00','2026-02-09T07:53:11.692327+00:00');
INSERT INTO "sessions" VALUES('d47c3379-ba44-4ea9-b664-32d7cc4ec626','df517ff2-04f1-47cb-9578-c87cf7ad75bf','2026-02-16T07:53:11.727855+00:00','2026-02-09T07:53:11.727855+00:00');
INSERT INTO "sessions" VALUES('e2cad66a-de36-4ebc-9515-46b081fc2725','3bb53ee5-d699-4b44-99df-f4f13c46017f','2026-02-16T07:53:11.761346+00:00','2026-02-09T07:53:11.761346+00:00');
INSERT INTO "sessions" VALUES('7faa82aa-4e22-48eb-8ab2-2c6dbf7d78d4','0cdce34d-a9f4-4be4-a6ba-0f8493351402','2026-02-16T07:53:11.810924+00:00','2026-02-09T07:53:11.810924+00:00');
INSERT INTO "sessions" VALUES('eaeb3298-853b-445a-b219-a2785c5b0e71','0cdce34d-a9f4-4be4-a6ba-0f8493351402','2026-02-16T07:58:47.921723+00:00','2026-02-09T07:58:47.921723+00:00');
INSERT INTO "sessions" VALUES('46d8c7ac-4b11-4595-bd53-ab2a7e1e0b31','f9a458ed-c3db-4144-be87-8468c53b3c23','2026-02-16T08:41:13.547162+00:00','2026-02-09T08:41:13.547162+00:00');
INSERT INTO "sessions" VALUES('72890ff0-2f77-41af-bee3-6bd717c522be','ed0caf12-a57c-4b25-ba34-14faef7d5795','2026-02-16T08:41:13.749653+00:00','2026-02-09T08:41:13.749653+00:00');
INSERT INTO "sessions" VALUES('45a596b9-51da-4642-b69c-a9bba699402c','5c9a3a29-f703-4ed5-ba33-7bef10d45b9b','2026-02-16T08:41:13.829068+00:00','2026-02-09T08:41:13.829068+00:00');
INSERT INTO "sessions" VALUES('f1c919c6-0291-475f-9baa-d7884135ac04','3bb53ee5-d699-4b44-99df-f4f13c46017f','2026-02-16T08:41:13.945688+00:00','2026-02-09T08:41:13.945688+00:00');
INSERT INTO "sessions" VALUES('4d185597-3b5f-49ff-891c-c31f2531e33c','df517ff2-04f1-47cb-9578-c87cf7ad75bf','2026-02-16T08:41:14.025956+00:00','2026-02-09T08:41:14.025956+00:00');
INSERT INTO "sessions" VALUES('2cf29808-53eb-4aae-ba0c-486ec483c509','0cdce34d-a9f4-4be4-a6ba-0f8493351402','2026-02-16T09:18:53.911548+00:00','2026-02-09T09:18:53.911548+00:00');
INSERT INTO "sessions" VALUES('e841b088-5265-4c86-af27-45cbb460d2b7','f9a458ed-c3db-4144-be87-8468c53b3c23','2026-02-16T09:19:26.716932+00:00','2026-02-09T09:19:26.716932+00:00');
INSERT INTO "sessions" VALUES('1e1198c9-b57e-4a88-b33b-906ad5672ae4','ed0caf12-a57c-4b25-ba34-14faef7d5795','2026-02-16T09:19:26.759214+00:00','2026-02-09T09:19:26.759214+00:00');
INSERT INTO "sessions" VALUES('3a6b7cef-2a07-447d-8528-6edbe70aa9ea','5c9a3a29-f703-4ed5-ba33-7bef10d45b9b','2026-02-16T09:19:26.801803+00:00','2026-02-09T09:19:26.801803+00:00');
INSERT INTO "sessions" VALUES('13884fc5-0ff5-4b0a-a59d-61d7dd5568c4','3bb53ee5-d699-4b44-99df-f4f13c46017f','2026-02-16T09:19:26.844860+00:00','2026-02-09T09:19:26.844860+00:00');
INSERT INTO "sessions" VALUES('36be880b-9cbf-4891-b325-3a45c1fa1f5e','df517ff2-04f1-47cb-9578-c87cf7ad75bf','2026-02-16T09:19:26.887366+00:00','2026-02-09T09:19:26.887366+00:00');
INSERT INTO "sessions" VALUES('0ceee389-7ee3-492d-91cf-6b2c6c252ed7','ed0caf12-a57c-4b25-ba34-14faef7d5795','2026-02-16T09:19:45.342385+00:00','2026-02-09T09:19:45.341388+00:00');
INSERT INTO "sessions" VALUES('dc6aea61-2b49-4855-bc37-9f10e7acb74a','5c9a3a29-f703-4ed5-ba33-7bef10d45b9b','2026-02-16T09:19:45.375326+00:00','2026-02-09T09:19:45.375326+00:00');
INSERT INTO "sessions" VALUES('2eef4b32-19c0-4d7c-8bf3-ca3a32760c16','f9a458ed-c3db-4144-be87-8468c53b3c23','2026-02-16T09:20:10.831047+00:00','2026-02-09T09:20:10.831047+00:00');
INSERT INTO "sessions" VALUES('22a9e595-3f8a-49e8-ad98-b8598b307ffb','ed0caf12-a57c-4b25-ba34-14faef7d5795','2026-02-16T09:20:10.864451+00:00','2026-02-09T09:20:10.864451+00:00');
INSERT INTO "sessions" VALUES('2ab598a2-a588-48c4-8492-0f52f5633d47','5c9a3a29-f703-4ed5-ba33-7bef10d45b9b','2026-02-16T09:20:10.897094+00:00','2026-02-09T09:20:10.897094+00:00');
INSERT INTO "sessions" VALUES('a13d2ce2-e8f9-4fe0-b3ea-bcdf38acc5f2','3bb53ee5-d699-4b44-99df-f4f13c46017f','2026-02-16T09:20:10.930807+00:00','2026-02-09T09:20:10.930807+00:00');
INSERT INTO "sessions" VALUES('da94c8d7-9b00-46e8-98d1-43de37efdb22','df517ff2-04f1-47cb-9578-c87cf7ad75bf','2026-02-16T09:20:10.962849+00:00','2026-02-09T09:20:10.962849+00:00');
INSERT INTO "sessions" VALUES('2b579ef3-3d8f-4178-b797-bdfecc4626a8','0cdce34d-a9f4-4be4-a6ba-0f8493351402','2026-02-16T10:44:39.797388+00:00','2026-02-09T10:44:39.797388+00:00');
INSERT INTO "sessions" VALUES('35a3a997-612b-45a9-8ae6-d8099b02200e','f9a458ed-c3db-4144-be87-8468c53b3c23','2026-02-16T10:44:39.837433+00:00','2026-02-09T10:44:39.837433+00:00');
INSERT INTO "sessions" VALUES('80e386c0-a3a6-4890-ac2d-a430adb87e3e','0cdce34d-a9f4-4be4-a6ba-0f8493351402','2026-02-16T11:21:33.796531+00:00','2026-02-09T11:21:33.795516+00:00');
INSERT INTO "sessions" VALUES('e7af5d26-0d6f-4d99-871c-261c69a0e317','0cdce34d-a9f4-4be4-a6ba-0f8493351402','2026-02-16T11:29:01.966996+00:00','2026-02-09T11:29:01.966996+00:00');
CREATE TABLE t(id integer);
CREATE TABLE t2(id integer);
CREATE TABLE temporary_adjustments (
      id TEXT PRIMARY KEY,
      user_id TEXT NOT NULL,
      adjustment_type TEXT NOT NULL CHECK(adjustment_type IN ('points','badge','role')),
      value_json TEXT NOT NULL,
      reason TEXT NOT NULL,
      expires_at TEXT NOT NULL,
      created_at TEXT NOT NULL,
      FOREIGN KEY (user_id) REFERENCES users(id) ON DELETE CASCADE
    );
CREATE TABLE users (
      id TEXT PRIMARY KEY,
      name TEXT NOT NULL,
      email TEXT NOT NULL UNIQUE,
      password_hash TEXT NOT NULL,
      nik TEXT,
      rw TEXT,
      role_code TEXT NOT NULL,
      is_ksh INTEGER NOT NULL DEFAULT 0,
      moderator_tier INTEGER,
      email_verified INTEGER NOT NULL DEFAULT 1,
      kelurahan_id INTEGER,
      kecamatan_id INTEGER,
      points INTEGER NOT NULL DEFAULT 0,
      badges_json TEXT NOT NULL DEFAULT '[]',
      created_at TEXT NOT NULL,
      updated_at TEXT NOT NULL, tier2_badge TEXT,
      FOREIGN KEY (kelurahan_id) REFERENCES kelurahan(id),
      FOREIGN KEY (kecamatan_id) REFERENCES kecamatan(id)
    );
INSERT INTO "users" VALUES('0cdce34d-a9f4-4be4-a6ba-0f8493351402','Administrator','admin@simrp.local','f6953e14b1057d6008eefdc4ab019601:091bead8108d133a402e2e7733c35ccf33cf41409e67a97d45a815ece4a6a80a',NULL,NULL,'admin',0,NULL,1,50,10,0,'[]','2026-02-09T07:38:05.172289+00:00','2026-02-09T07:38:05.172289+00:00',NULL);
INSERT INTO "users" VALUES('df517ff2-04f1-47cb-9578-c87cf7ad75bf','Andi Relawan','relawan.demo@simrp.app','94aa6d79dcaad04b29d92b7aedf97f39:88dc522a4cbb68125e77356b309a9c0d735c85820ce3019bc1521070724261c2',NULL,NULL,'user',0,NULL,1,103,21,5,'[]','2026-02-09T07:38:05.202858+00:00','2026-02-09T07:53:11.807935+00:00',NULL);
INSERT INTO "users" VALUES('3bb53ee5-d699-4b44-99df-f4f13c46017f','Kak Esa','ksh.demo@simrp.app','761a2afb9d93cd2aca254ffa0f5c5a8d:8d4b94a081679c9600047774bd1abaf1c3edf950b3c36977bfe5835202db27f9',NULL,NULL,'ksh',1,NULL,1,50,10,0,'[]','2026-02-09T07:38:05.231785+00:00','2026-02-09T07:38:05.231785+00:00',NULL);
INSERT INTO "users" VALUES('f9a458ed-c3db-4144-be87-8468c53b3c23','Pak Raka ASN','moderator1.demo@simrp.app','3f5ff7e857d88e438adb19c876ba6a23:6778d2571fe07fee864bd036f9be039ee73186d998c22ed76dff74a61376572d',NULL,NULL,'moderator_t1',0,1,1,50,10,0,'[]','2026-02-09T07:38:05.260911+00:00','2026-02-09T07:38:05.260911+00:00',NULL);
INSERT INTO "users" VALUES('ed0caf12-a57c-4b25-ba34-14faef7d5795','Bu Sinta','moderator2.demo@simrp.app','8b8cb73edd1e66109bd18a31411a5578:7b3adeaa1464f67dc6515f1b11f3ea0b1e620a723026150c65abc362ee4c3382',NULL,NULL,'moderator_t2',0,2,1,50,10,0,'[]','2026-02-09T07:38:05.291667+00:00','2026-02-09T07:38:05.291667+00:00','lurah');
INSERT INTO "users" VALUES('aa1cc049-de16-4732-94d7-46bdc505c616','Pak Arif','moderator3.demo@simrp.app','50e67f3e177d9223a4f22845aaaa67bd:1498dc6f63ccf59a93de214766049a29adbde962a5df53cfcf2355dd8e783730',NULL,NULL,'moderator_t3',0,3,1,50,10,0,'[]','2026-02-09T07:38:05.320579+00:00','2026-02-09T07:38:05.320579+00:00',NULL);
INSERT INTO "users" VALUES('5c9a3a29-f703-4ed5-ba33-7bef10d45b9b','Pak Dimas Camat','moderator2.camat@simrp.app','7ed43e132dd48408a47125261d16a6da:8daf2518018b8e29e7ab745a031a3b5cebbaaa787bd363ff1a934c43aa6c8a27',NULL,NULL,'moderator_t2',0,2,1,50,10,0,'[]','2026-02-09T08:41:12.223023+00:00','2026-02-09T08:41:12.223023+00:00','camat');
CREATE TABLE xp_kelurahan (
      kelurahan_id INTEGER PRIMARY KEY,
      total_xp INTEGER NOT NULL DEFAULT 0,
      updated_at TEXT NOT NULL,
      FOREIGN KEY (kelurahan_id) REFERENCES kelurahan(id) ON DELETE CASCADE
    );
INSERT INTO "xp_kelurahan" VALUES(1,0,'2026-02-09T07:38:05.165640+00:00');
INSERT INTO "xp_kelurahan" VALUES(2,0,'2026-02-09T07:38:05.166647+00:00');
INSERT INTO "xp_kelurahan" VALUES(3,0,'2026-02-09T07:38:05.166647+00:00');
INSERT INTO "xp_kelurahan" VALUES(4,0,'2026-02-09T07:38:05.166647+00:00');
INSERT INTO "xp_kelurahan" VALUES(5,0,'2026-02-09T07:38:05.166647+00:00');
INSERT INTO "xp_kelurahan" VALUES(6,0,'2026-02-09T07:38:05.166647+00:00');
INSERT INTO "xp_kelurahan" VALUES(7,0,'2026-02-09T07:38:05.166647+00:00');
INSERT INTO "xp_kelurahan" VALUES(8,0,'2026-02-09T07:38:05.166647+00:00');
INSERT INTO "xp_kelurahan" VALUES(9,0,'2026-02-09T07:38:05.166647+00:00');
INSERT INTO "xp_kelurahan" VALUES(10,0,'2026-02-09T07:38:05.166647+00:00');
INSERT INTO "xp_kelurahan" VALUES(11,0,'2026-02-09T07:38:05.166647+00:00');
INSERT INTO "xp_kelurahan" VALUES(12,0,'2026-02-09T07:38:05.166647+00:00');
INSERT INTO "xp_kelurahan" VALUES(13,0,'2026-02-09T07:38:05.166647+00:00');
INSERT INTO "xp_kelurahan" VALUES(14,0,'2026-02-09T07:38:05.166647+00:00');
INSERT INTO "xp_kelurahan" VALUES(15,0,'2026-02-09T07:38:05.166647+00:00');
INSERT INTO "xp_kelurahan" VALUES(16,0,'2026-02-09T07:38:05.166647+00:00');
INSERT INTO "xp_kelurahan" VALUES(17,0,'2026-02-09T07:38:05.166647+00:00');
INSERT INTO "xp_kelurahan" VALUES(18,0,'2026-02-09T07:38:05.166647+00:00');
INSERT INTO "xp_kelurahan" VALUES(19,0,'2026-02-09T07:38:05.166647+00:00');
INSERT INTO "xp_kelurahan" VALUES(20,0,'2026-02-09T07:38:05.166647+00:00');
INSERT INTO "xp_kelurahan" VALUES(21,0,'2026-02-09T07:38:05.166647+00:00');
INSERT INTO "xp_kelurahan" VALUES(22,0,'2026-02-09T07:38:05.166647+00:00');
INSERT INTO "xp_kelurahan" VALUES(23,0,'2026-02-09T07:38:05.166647+00:00');
INSERT INTO "xp_kelurahan" VALUES(24,0,'2026-02-09T07:38:05.166647+00:00');
INSERT INTO "xp_kelurahan" VALUES(25,0,'2026-02-09T07:38:05.166647+00:00');
INSERT INTO "xp_kelurahan" VALUES(26,0,'2026-02-09T07:38:05.166647+00:00');
INSERT INTO "xp_kelurahan" VALUES(27,0,'2026-02-09T07:38:05.166647+00:00');
INSERT INTO "xp_kelurahan" VALUES(28,0,'2026-02-09T07:38:05.166647+00:00');
INSERT INTO "xp_kelurahan" VALUES(29,0,'2026-02-09T07:38:05.166647+00:00');
INSERT INTO "xp_kelurahan" VALUES(30,0,'2026-02-09T07:38:05.166647+00:00');
INSERT INTO "xp_kelurahan" VALUES(31,0,'2026-02-09T07:38:05.166647+00:00');
INSERT INTO "xp_kelurahan" VALUES(32,0,'2026-02-09T07:38:05.166647+00:00');
INSERT INTO "xp_kelurahan" VALUES(33,0,'2026-02-09T07:38:05.166647+00:00');
INSERT INTO "xp_kelurahan" VALUES(34,0,'2026-02-09T07:38:05.167914+00:00');
INSERT INTO "xp_kelurahan" VALUES(35,0,'2026-02-09T07:38:05.167914+00:00');
INSERT INTO "xp_kelurahan" VALUES(36,0,'2026-02-09T07:38:05.167914+00:00');
INSERT INTO "xp_kelurahan" VALUES(37,0,'2026-02-09T07:38:05.167914+00:00');
INSERT INTO "xp_kelurahan" VALUES(38,0,'2026-02-09T07:38:05.167914+00:00');
INSERT INTO "xp_kelurahan" VALUES(39,0,'2026-02-09T07:38:05.167914+00:00');
INSERT INTO "xp_kelurahan" VALUES(40,0,'2026-02-09T07:38:05.167914+00:00');
INSERT INTO "xp_kelurahan" VALUES(41,0,'2026-02-09T07:38:05.167914+00:00');
INSERT INTO "xp_kelurahan" VALUES(42,0,'2026-02-09T07:38:05.167914+00:00');
INSERT INTO "xp_kelurahan" VALUES(43,0,'2026-02-09T07:38:05.167914+00:00');
INSERT INTO "xp_kelurahan" VALUES(44,0,'2026-02-09T07:38:05.167914+00:00');
INSERT INTO "xp_kelurahan" VALUES(45,0,'2026-02-09T07:38:05.167914+00:00');
INSERT INTO "xp_kelurahan" VALUES(46,0,'2026-02-09T07:38:05.167914+00:00');
INSERT INTO "xp_kelurahan" VALUES(47,0,'2026-02-09T07:38:05.167914+00:00');
INSERT INTO "xp_kelurahan" VALUES(48,0,'2026-02-09T07:38:05.167914+00:00');
INSERT INTO "xp_kelurahan" VALUES(49,0,'2026-02-09T07:38:05.167914+00:00');
INSERT INTO "xp_kelurahan" VALUES(50,44,'2026-02-09T07:53:11.807935+00:00');
INSERT INTO "xp_kelurahan" VALUES(51,0,'2026-02-09T07:38:05.167914+00:00');
INSERT INTO "xp_kelurahan" VALUES(52,0,'2026-02-09T07:38:05.167914+00:00');
INSERT INTO "xp_kelurahan" VALUES(53,0,'2026-02-09T07:38:05.167914+00:00');
INSERT INTO "xp_kelurahan" VALUES(54,0,'2026-02-09T07:38:05.167914+00:00');
INSERT INTO "xp_kelurahan" VALUES(55,0,'2026-02-09T07:38:05.167914+00:00');
INSERT INTO "xp_kelurahan" VALUES(56,0,'2026-02-09T07:38:05.167914+00:00');
INSERT INTO "xp_kelurahan" VALUES(57,0,'2026-02-09T07:38:05.167914+00:00');
INSERT INTO "xp_kelurahan" VALUES(58,0,'2026-02-09T07:38:05.167914+00:00');
INSERT INTO "xp_kelurahan" VALUES(59,0,'2026-02-09T07:38:05.167914+00:00');
INSERT INTO "xp_kelurahan" VALUES(60,0,'2026-02-09T07:38:05.168917+00:00');
INSERT INTO "xp_kelurahan" VALUES(61,0,'2026-02-09T07:38:05.168917+00:00');
INSERT INTO "xp_kelurahan" VALUES(62,0,'2026-02-09T07:38:05.168917+00:00');
INSERT INTO "xp_kelurahan" VALUES(63,0,'2026-02-09T07:38:05.168917+00:00');
INSERT INTO "xp_kelurahan" VALUES(64,0,'2026-02-09T07:38:05.168917+00:00');
INSERT INTO "xp_kelurahan" VALUES(65,0,'2026-02-09T07:38:05.168917+00:00');
INSERT INTO "xp_kelurahan" VALUES(66,0,'2026-02-09T07:38:05.168917+00:00');
INSERT INTO "xp_kelurahan" VALUES(67,0,'2026-02-09T07:38:05.168917+00:00');
INSERT INTO "xp_kelurahan" VALUES(68,0,'2026-02-09T07:38:05.168917+00:00');
INSERT INTO "xp_kelurahan" VALUES(69,0,'2026-02-09T07:38:05.168917+00:00');
INSERT INTO "xp_kelurahan" VALUES(70,0,'2026-02-09T07:38:05.168917+00:00');
INSERT INTO "xp_kelurahan" VALUES(71,0,'2026-02-09T07:38:05.168917+00:00');
INSERT INTO "xp_kelurahan" VALUES(72,0,'2026-02-09T07:38:05.168917+00:00');
INSERT INTO "xp_kelurahan" VALUES(73,0,'2026-02-09T07:38:05.168917+00:00');
INSERT INTO "xp_kelurahan" VALUES(74,0,'2026-02-09T07:38:05.168917+00:00');
INSERT INTO "xp_kelurahan" VALUES(75,0,'2026-02-09T07:38:05.168917+00:00');
INSERT INTO "xp_kelurahan" VALUES(76,0,'2026-02-09T07:38:05.168917+00:00');
INSERT INTO "xp_kelurahan" VALUES(77,0,'2026-02-09T07:38:05.168917+00:00');
INSERT INTO "xp_kelurahan" VALUES(78,0,'2026-02-09T07:38:05.168917+00:00');
INSERT INTO "xp_kelurahan" VALUES(79,0,'2026-02-09T07:38:05.168917+00:00');
INSERT INTO "xp_kelurahan" VALUES(80,0,'2026-02-09T07:38:05.168917+00:00');
INSERT INTO "xp_kelurahan" VALUES(81,0,'2026-02-09T07:38:05.168917+00:00');
INSERT INTO "xp_kelurahan" VALUES(82,0,'2026-02-09T07:38:05.168917+00:00');
INSERT INTO "xp_kelurahan" VALUES(83,0,'2026-02-09T07:38:05.168917+00:00');
INSERT INTO "xp_kelurahan" VALUES(84,0,'2026-02-09T07:38:05.168917+00:00');
INSERT INTO "xp_kelurahan" VALUES(85,0,'2026-02-09T07:38:05.168917+00:00');
INSERT INTO "xp_kelurahan" VALUES(86,0,'2026-02-09T07:38:05.169920+00:00');
INSERT INTO "xp_kelurahan" VALUES(87,0,'2026-02-09T07:38:05.169920+00:00');
INSERT INTO "xp_kelurahan" VALUES(88,0,'2026-02-09T07:38:05.169920+00:00');
INSERT INTO "xp_kelurahan" VALUES(89,0,'2026-02-09T07:38:05.169920+00:00');
INSERT INTO "xp_kelurahan" VALUES(90,0,'2026-02-09T07:38:05.169920+00:00');
INSERT INTO "xp_kelurahan" VALUES(91,0,'2026-02-09T07:38:05.169920+00:00');
INSERT INTO "xp_kelurahan" VALUES(92,0,'2026-02-09T07:38:05.169920+00:00');
INSERT INTO "xp_kelurahan" VALUES(93,0,'2026-02-09T07:38:05.169920+00:00');
INSERT INTO "xp_kelurahan" VALUES(94,0,'2026-02-09T07:38:05.169920+00:00');
INSERT INTO "xp_kelurahan" VALUES(95,0,'2026-02-09T07:38:05.169920+00:00');
INSERT INTO "xp_kelurahan" VALUES(96,0,'2026-02-09T07:38:05.169920+00:00');
INSERT INTO "xp_kelurahan" VALUES(97,0,'2026-02-09T07:38:05.169920+00:00');
INSERT INTO "xp_kelurahan" VALUES(98,0,'2026-02-09T07:38:05.169920+00:00');
INSERT INTO "xp_kelurahan" VALUES(99,0,'2026-02-09T07:38:05.169920+00:00');
INSERT INTO "xp_kelurahan" VALUES(100,0,'2026-02-09T07:38:05.169920+00:00');
INSERT INTO "xp_kelurahan" VALUES(101,0,'2026-02-09T07:38:05.169920+00:00');
INSERT INTO "xp_kelurahan" VALUES(102,0,'2026-02-09T07:38:05.169920+00:00');
INSERT INTO "xp_kelurahan" VALUES(103,0,'2026-02-09T07:38:05.169920+00:00');
INSERT INTO "xp_kelurahan" VALUES(104,0,'2026-02-09T07:38:05.169920+00:00');
INSERT INTO "xp_kelurahan" VALUES(105,0,'2026-02-09T07:38:05.169920+00:00');
INSERT INTO "xp_kelurahan" VALUES(106,0,'2026-02-09T07:38:05.169920+00:00');
INSERT INTO "xp_kelurahan" VALUES(107,0,'2026-02-09T07:38:05.169920+00:00');
INSERT INTO "xp_kelurahan" VALUES(108,0,'2026-02-09T07:38:05.169920+00:00');
INSERT INTO "xp_kelurahan" VALUES(109,0,'2026-02-09T07:38:05.169920+00:00');
INSERT INTO "xp_kelurahan" VALUES(110,0,'2026-02-09T07:38:05.169920+00:00');
INSERT INTO "xp_kelurahan" VALUES(111,0,'2026-02-09T07:38:05.169920+00:00');
INSERT INTO "xp_kelurahan" VALUES(112,0,'2026-02-09T07:38:05.169920+00:00');
INSERT INTO "xp_kelurahan" VALUES(113,0,'2026-02-09T07:38:05.169920+00:00');
INSERT INTO "xp_kelurahan" VALUES(114,0,'2026-02-09T07:38:05.169920+00:00');
INSERT INTO "xp_kelurahan" VALUES(115,0,'2026-02-09T07:38:05.169920+00:00');
INSERT INTO "xp_kelurahan" VALUES(116,0,'2026-02-09T07:38:05.169920+00:00');
INSERT INTO "xp_kelurahan" VALUES(117,0,'2026-02-09T07:38:05.169920+00:00');
INSERT INTO "xp_kelurahan" VALUES(118,0,'2026-02-09T07:38:05.169920+00:00');
INSERT INTO "xp_kelurahan" VALUES(119,0,'2026-02-09T07:38:05.169920+00:00');
INSERT INTO "xp_kelurahan" VALUES(120,0,'2026-02-09T07:38:05.169920+00:00');
INSERT INTO "xp_kelurahan" VALUES(121,0,'2026-02-09T07:38:05.169920+00:00');
INSERT INTO "xp_kelurahan" VALUES(122,0,'2026-02-09T07:38:05.169920+00:00');
INSERT INTO "xp_kelurahan" VALUES(123,0,'2026-02-09T07:38:05.171252+00:00');
INSERT INTO "xp_kelurahan" VALUES(124,0,'2026-02-09T07:38:05.171252+00:00');
INSERT INTO "xp_kelurahan" VALUES(125,0,'2026-02-09T07:38:05.171252+00:00');
INSERT INTO "xp_kelurahan" VALUES(126,0,'2026-02-09T07:38:05.171252+00:00');
INSERT INTO "xp_kelurahan" VALUES(127,0,'2026-02-09T07:38:05.171252+00:00');
INSERT INTO "xp_kelurahan" VALUES(128,0,'2026-02-09T07:38:05.171252+00:00');
INSERT INTO "xp_kelurahan" VALUES(129,0,'2026-02-09T07:38:05.171252+00:00');
INSERT INTO "xp_kelurahan" VALUES(130,0,'2026-02-09T07:38:05.171252+00:00');
INSERT INTO "xp_kelurahan" VALUES(131,0,'2026-02-09T07:38:05.171252+00:00');
INSERT INTO "xp_kelurahan" VALUES(132,0,'2026-02-09T07:38:05.171252+00:00');
INSERT INTO "xp_kelurahan" VALUES(133,0,'2026-02-09T07:38:05.171252+00:00');
INSERT INTO "xp_kelurahan" VALUES(134,0,'2026-02-09T07:38:05.171252+00:00');
INSERT INTO "xp_kelurahan" VALUES(135,0,'2026-02-09T07:38:05.171252+00:00');
INSERT INTO "xp_kelurahan" VALUES(136,0,'2026-02-09T07:38:05.171252+00:00');
INSERT INTO "xp_kelurahan" VALUES(137,0,'2026-02-09T07:38:05.171252+00:00');
INSERT INTO "xp_kelurahan" VALUES(138,0,'2026-02-09T07:38:05.171252+00:00');
INSERT INTO "xp_kelurahan" VALUES(139,0,'2026-02-09T07:38:05.171252+00:00');
INSERT INTO "xp_kelurahan" VALUES(140,0,'2026-02-09T07:38:05.171252+00:00');
INSERT INTO "xp_kelurahan" VALUES(141,0,'2026-02-09T07:38:05.171252+00:00');
INSERT INTO "xp_kelurahan" VALUES(142,0,'2026-02-09T07:38:05.171252+00:00');
INSERT INTO "xp_kelurahan" VALUES(143,0,'2026-02-09T07:38:05.171252+00:00');
INSERT INTO "xp_kelurahan" VALUES(144,0,'2026-02-09T07:38:05.171252+00:00');
INSERT INTO "xp_kelurahan" VALUES(145,0,'2026-02-09T07:38:05.171252+00:00');
INSERT INTO "xp_kelurahan" VALUES(146,0,'2026-02-09T07:38:05.171252+00:00');
INSERT INTO "xp_kelurahan" VALUES(147,0,'2026-02-09T07:38:05.172289+00:00');
INSERT INTO "xp_kelurahan" VALUES(148,0,'2026-02-09T07:38:05.172289+00:00');
INSERT INTO "xp_kelurahan" VALUES(149,0,'2026-02-09T07:38:05.172289+00:00');
INSERT INTO "xp_kelurahan" VALUES(150,0,'2026-02-09T07:38:05.172289+00:00');
INSERT INTO "xp_kelurahan" VALUES(151,0,'2026-02-09T07:38:05.172289+00:00');
INSERT INTO "xp_kelurahan" VALUES(152,0,'2026-02-09T07:38:05.172289+00:00');
INSERT INTO "xp_kelurahan" VALUES(153,0,'2026-02-09T07:38:05.172289+00:00');
CREATE TABLE xp_pillar (
      id INTEGER PRIMARY KEY AUTOINCREMENT,
      kelurahan_id INTEGER NOT NULL,
      pillar INTEGER NOT NULL,
      xp INTEGER NOT NULL DEFAULT 0,
      updated_at TEXT NOT NULL,
      UNIQUE(kelurahan_id, pillar),
      FOREIGN KEY (kelurahan_id) REFERENCES kelurahan(id) ON DELETE CASCADE
    );
INSERT INTO "xp_pillar" VALUES(1,1,1,0,'2026-02-09T07:38:05.165640+00:00');
INSERT INTO "xp_pillar" VALUES(2,1,2,0,'2026-02-09T07:38:05.165640+00:00');
INSERT INTO "xp_pillar" VALUES(3,1,3,0,'2026-02-09T07:38:05.165640+00:00');
INSERT INTO "xp_pillar" VALUES(4,1,4,0,'2026-02-09T07:38:05.165640+00:00');
INSERT INTO "xp_pillar" VALUES(5,2,1,0,'2026-02-09T07:38:05.166647+00:00');
INSERT INTO "xp_pillar" VALUES(6,2,2,0,'2026-02-09T07:38:05.166647+00:00');
INSERT INTO "xp_pillar" VALUES(7,2,3,0,'2026-02-09T07:38:05.166647+00:00');
INSERT INTO "xp_pillar" VALUES(8,2,4,0,'2026-02-09T07:38:05.166647+00:00');
INSERT INTO "xp_pillar" VALUES(9,3,1,0,'2026-02-09T07:38:05.166647+00:00');
INSERT INTO "xp_pillar" VALUES(10,3,2,0,'2026-02-09T07:38:05.166647+00:00');
INSERT INTO "xp_pillar" VALUES(11,3,3,0,'2026-02-09T07:38:05.166647+00:00');
INSERT INTO "xp_pillar" VALUES(12,3,4,0,'2026-02-09T07:38:05.166647+00:00');
INSERT INTO "xp_pillar" VALUES(13,4,1,0,'2026-02-09T07:38:05.166647+00:00');
INSERT INTO "xp_pillar" VALUES(14,4,2,0,'2026-02-09T07:38:05.166647+00:00');
INSERT INTO "xp_pillar" VALUES(15,4,3,0,'2026-02-09T07:38:05.166647+00:00');
INSERT INTO "xp_pillar" VALUES(16,4,4,0,'2026-02-09T07:38:05.166647+00:00');
INSERT INTO "xp_pillar" VALUES(17,5,1,0,'2026-02-09T07:38:05.166647+00:00');
INSERT INTO "xp_pillar" VALUES(18,5,2,0,'2026-02-09T07:38:05.166647+00:00');
INSERT INTO "xp_pillar" VALUES(19,5,3,0,'2026-02-09T07:38:05.166647+00:00');
INSERT INTO "xp_pillar" VALUES(20,5,4,0,'2026-02-09T07:38:05.166647+00:00');
INSERT INTO "xp_pillar" VALUES(21,6,1,0,'2026-02-09T07:38:05.166647+00:00');
INSERT INTO "xp_pillar" VALUES(22,6,2,0,'2026-02-09T07:38:05.166647+00:00');
INSERT INTO "xp_pillar" VALUES(23,6,3,0,'2026-02-09T07:38:05.166647+00:00');
INSERT INTO "xp_pillar" VALUES(24,6,4,0,'2026-02-09T07:38:05.166647+00:00');
INSERT INTO "xp_pillar" VALUES(25,7,1,0,'2026-02-09T07:38:05.166647+00:00');
INSERT INTO "xp_pillar" VALUES(26,7,2,0,'2026-02-09T07:38:05.166647+00:00');
INSERT INTO "xp_pillar" VALUES(27,7,3,0,'2026-02-09T07:38:05.166647+00:00');
INSERT INTO "xp_pillar" VALUES(28,7,4,0,'2026-02-09T07:38:05.166647+00:00');
INSERT INTO "xp_pillar" VALUES(29,8,1,0,'2026-02-09T07:38:05.166647+00:00');
INSERT INTO "xp_pillar" VALUES(30,8,2,0,'2026-02-09T07:38:05.166647+00:00');
INSERT INTO "xp_pillar" VALUES(31,8,3,0,'2026-02-09T07:38:05.166647+00:00');
INSERT INTO "xp_pillar" VALUES(32,8,4,0,'2026-02-09T07:38:05.166647+00:00');
INSERT INTO "xp_pillar" VALUES(33,9,1,0,'2026-02-09T07:38:05.166647+00:00');
INSERT INTO "xp_pillar" VALUES(34,9,2,0,'2026-02-09T07:38:05.166647+00:00');
INSERT INTO "xp_pillar" VALUES(35,9,3,0,'2026-02-09T07:38:05.166647+00:00');
INSERT INTO "xp_pillar" VALUES(36,9,4,0,'2026-02-09T07:38:05.166647+00:00');
INSERT INTO "xp_pillar" VALUES(37,10,1,0,'2026-02-09T07:38:05.166647+00:00');
INSERT INTO "xp_pillar" VALUES(38,10,2,0,'2026-02-09T07:38:05.166647+00:00');
INSERT INTO "xp_pillar" VALUES(39,10,3,0,'2026-02-09T07:38:05.166647+00:00');
INSERT INTO "xp_pillar" VALUES(40,10,4,0,'2026-02-09T07:38:05.166647+00:00');
INSERT INTO "xp_pillar" VALUES(41,11,1,0,'2026-02-09T07:38:05.166647+00:00');
INSERT INTO "xp_pillar" VALUES(42,11,2,0,'2026-02-09T07:38:05.166647+00:00');
INSERT INTO "xp_pillar" VALUES(43,11,3,0,'2026-02-09T07:38:05.166647+00:00');
INSERT INTO "xp_pillar" VALUES(44,11,4,0,'2026-02-09T07:38:05.166647+00:00');
INSERT INTO "xp_pillar" VALUES(45,12,1,0,'2026-02-09T07:38:05.166647+00:00');
INSERT INTO "xp_pillar" VALUES(46,12,2,0,'2026-02-09T07:38:05.166647+00:00');
INSERT INTO "xp_pillar" VALUES(47,12,3,0,'2026-02-09T07:38:05.166647+00:00');
INSERT INTO "xp_pillar" VALUES(48,12,4,0,'2026-02-09T07:38:05.166647+00:00');
INSERT INTO "xp_pillar" VALUES(49,13,1,0,'2026-02-09T07:38:05.166647+00:00');
INSERT INTO "xp_pillar" VALUES(50,13,2,0,'2026-02-09T07:38:05.166647+00:00');
INSERT INTO "xp_pillar" VALUES(51,13,3,0,'2026-02-09T07:38:05.166647+00:00');
INSERT INTO "xp_pillar" VALUES(52,13,4,0,'2026-02-09T07:38:05.166647+00:00');
INSERT INTO "xp_pillar" VALUES(53,14,1,0,'2026-02-09T07:38:05.166647+00:00');
INSERT INTO "xp_pillar" VALUES(54,14,2,0,'2026-02-09T07:38:05.166647+00:00');
INSERT INTO "xp_pillar" VALUES(55,14,3,0,'2026-02-09T07:38:05.166647+00:00');
INSERT INTO "xp_pillar" VALUES(56,14,4,0,'2026-02-09T07:38:05.166647+00:00');
INSERT INTO "xp_pillar" VALUES(57,15,1,0,'2026-02-09T07:38:05.166647+00:00');
INSERT INTO "xp_pillar" VALUES(58,15,2,0,'2026-02-09T07:38:05.166647+00:00');
INSERT INTO "xp_pillar" VALUES(59,15,3,0,'2026-02-09T07:38:05.166647+00:00');
INSERT INTO "xp_pillar" VALUES(60,15,4,0,'2026-02-09T07:38:05.166647+00:00');
INSERT INTO "xp_pillar" VALUES(61,16,1,0,'2026-02-09T07:38:05.166647+00:00');
INSERT INTO "xp_pillar" VALUES(62,16,2,0,'2026-02-09T07:38:05.166647+00:00');
INSERT INTO "xp_pillar" VALUES(63,16,3,0,'2026-02-09T07:38:05.166647+00:00');
INSERT INTO "xp_pillar" VALUES(64,16,4,0,'2026-02-09T07:38:05.166647+00:00');
INSERT INTO "xp_pillar" VALUES(65,17,1,0,'2026-02-09T07:38:05.166647+00:00');
INSERT INTO "xp_pillar" VALUES(66,17,2,0,'2026-02-09T07:38:05.166647+00:00');
INSERT INTO "xp_pillar" VALUES(67,17,3,0,'2026-02-09T07:38:05.166647+00:00');
INSERT INTO "xp_pillar" VALUES(68,17,4,0,'2026-02-09T07:38:05.166647+00:00');
INSERT INTO "xp_pillar" VALUES(69,18,1,0,'2026-02-09T07:38:05.166647+00:00');
INSERT INTO "xp_pillar" VALUES(70,18,2,0,'2026-02-09T07:38:05.166647+00:00');
INSERT INTO "xp_pillar" VALUES(71,18,3,0,'2026-02-09T07:38:05.166647+00:00');
INSERT INTO "xp_pillar" VALUES(72,18,4,0,'2026-02-09T07:38:05.166647+00:00');
INSERT INTO "xp_pillar" VALUES(73,19,1,0,'2026-02-09T07:38:05.166647+00:00');
INSERT INTO "xp_pillar" VALUES(74,19,2,0,'2026-02-09T07:38:05.166647+00:00');
INSERT INTO "xp_pillar" VALUES(75,19,3,0,'2026-02-09T07:38:05.166647+00:00');
INSERT INTO "xp_pillar" VALUES(76,19,4,0,'2026-02-09T07:38:05.166647+00:00');
INSERT INTO "xp_pillar" VALUES(77,20,1,0,'2026-02-09T07:38:05.166647+00:00');
INSERT INTO "xp_pillar" VALUES(78,20,2,0,'2026-02-09T07:38:05.166647+00:00');
INSERT INTO "xp_pillar" VALUES(79,20,3,0,'2026-02-09T07:38:05.166647+00:00');
INSERT INTO "xp_pillar" VALUES(80,20,4,0,'2026-02-09T07:38:05.166647+00:00');
INSERT INTO "xp_pillar" VALUES(81,21,1,0,'2026-02-09T07:38:05.166647+00:00');
INSERT INTO "xp_pillar" VALUES(82,21,2,0,'2026-02-09T07:38:05.166647+00:00');
INSERT INTO "xp_pillar" VALUES(83,21,3,0,'2026-02-09T07:38:05.166647+00:00');
INSERT INTO "xp_pillar" VALUES(84,21,4,0,'2026-02-09T07:38:05.166647+00:00');
INSERT INTO "xp_pillar" VALUES(85,22,1,0,'2026-02-09T07:38:05.166647+00:00');
INSERT INTO "xp_pillar" VALUES(86,22,2,0,'2026-02-09T07:38:05.166647+00:00');
INSERT INTO "xp_pillar" VALUES(87,22,3,0,'2026-02-09T07:38:05.166647+00:00');
INSERT INTO "xp_pillar" VALUES(88,22,4,0,'2026-02-09T07:38:05.166647+00:00');
INSERT INTO "xp_pillar" VALUES(89,23,1,0,'2026-02-09T07:38:05.166647+00:00');
INSERT INTO "xp_pillar" VALUES(90,23,2,0,'2026-02-09T07:38:05.166647+00:00');
INSERT INTO "xp_pillar" VALUES(91,23,3,0,'2026-02-09T07:38:05.166647+00:00');
INSERT INTO "xp_pillar" VALUES(92,23,4,0,'2026-02-09T07:38:05.166647+00:00');
INSERT INTO "xp_pillar" VALUES(93,24,1,0,'2026-02-09T07:38:05.166647+00:00');
INSERT INTO "xp_pillar" VALUES(94,24,2,0,'2026-02-09T07:38:05.166647+00:00');
INSERT INTO "xp_pillar" VALUES(95,24,3,0,'2026-02-09T07:38:05.166647+00:00');
INSERT INTO "xp_pillar" VALUES(96,24,4,0,'2026-02-09T07:38:05.166647+00:00');
INSERT INTO "xp_pillar" VALUES(97,25,1,0,'2026-02-09T07:38:05.166647+00:00');
INSERT INTO "xp_pillar" VALUES(98,25,2,0,'2026-02-09T07:38:05.166647+00:00');
INSERT INTO "xp_pillar" VALUES(99,25,3,0,'2026-02-09T07:38:05.166647+00:00');
INSERT INTO "xp_pillar" VALUES(100,25,4,0,'2026-02-09T07:38:05.166647+00:00');
INSERT INTO "xp_pillar" VALUES(101,26,1,0,'2026-02-09T07:38:05.166647+00:00');
INSERT INTO "xp_pillar" VALUES(102,26,2,0,'2026-02-09T07:38:05.166647+00:00');
INSERT INTO "xp_pillar" VALUES(103,26,3,0,'2026-02-09T07:38:05.166647+00:00');
INSERT INTO "xp_pillar" VALUES(104,26,4,0,'2026-02-09T07:38:05.166647+00:00');
INSERT INTO "xp_pillar" VALUES(105,27,1,0,'2026-02-09T07:38:05.166647+00:00');
INSERT INTO "xp_pillar" VALUES(106,27,2,0,'2026-02-09T07:38:05.166647+00:00');
INSERT INTO "xp_pillar" VALUES(107,27,3,0,'2026-02-09T07:38:05.166647+00:00');
INSERT INTO "xp_pillar" VALUES(108,27,4,0,'2026-02-09T07:38:05.166647+00:00');
INSERT INTO "xp_pillar" VALUES(109,28,1,0,'2026-02-09T07:38:05.166647+00:00');
INSERT INTO "xp_pillar" VALUES(110,28,2,0,'2026-02-09T07:38:05.166647+00:00');
INSERT INTO "xp_pillar" VALUES(111,28,3,0,'2026-02-09T07:38:05.166647+00:00');
INSERT INTO "xp_pillar" VALUES(112,28,4,0,'2026-02-09T07:38:05.166647+00:00');
INSERT INTO "xp_pillar" VALUES(113,29,1,0,'2026-02-09T07:38:05.166647+00:00');
INSERT INTO "xp_pillar" VALUES(114,29,2,0,'2026-02-09T07:38:05.166647+00:00');
INSERT INTO "xp_pillar" VALUES(115,29,3,0,'2026-02-09T07:38:05.166647+00:00');
INSERT INTO "xp_pillar" VALUES(116,29,4,0,'2026-02-09T07:38:05.166647+00:00');
INSERT INTO "xp_pillar" VALUES(117,30,1,0,'2026-02-09T07:38:05.166647+00:00');
INSERT INTO "xp_pillar" VALUES(118,30,2,0,'2026-02-09T07:38:05.166647+00:00');
INSERT INTO "xp_pillar" VALUES(119,30,3,0,'2026-02-09T07:38:05.166647+00:00');
INSERT INTO "xp_pillar" VALUES(120,30,4,0,'2026-02-09T07:38:05.166647+00:00');
INSERT INTO "xp_pillar" VALUES(121,31,1,0,'2026-02-09T07:38:05.166647+00:00');
INSERT INTO "xp_pillar" VALUES(122,31,2,0,'2026-02-09T07:38:05.166647+00:00');
INSERT INTO "xp_pillar" VALUES(123,31,3,0,'2026-02-09T07:38:05.166647+00:00');
INSERT INTO "xp_pillar" VALUES(124,31,4,0,'2026-02-09T07:38:05.166647+00:00');
INSERT INTO "xp_pillar" VALUES(125,32,1,0,'2026-02-09T07:38:05.166647+00:00');
INSERT INTO "xp_pillar" VALUES(126,32,2,0,'2026-02-09T07:38:05.166647+00:00');
INSERT INTO "xp_pillar" VALUES(127,32,3,0,'2026-02-09T07:38:05.166647+00:00');
INSERT INTO "xp_pillar" VALUES(128,32,4,0,'2026-02-09T07:38:05.166647+00:00');
INSERT INTO "xp_pillar" VALUES(129,33,1,0,'2026-02-09T07:38:05.166647+00:00');
INSERT INTO "xp_pillar" VALUES(130,33,2,0,'2026-02-09T07:38:05.166647+00:00');
INSERT INTO "xp_pillar" VALUES(131,33,3,0,'2026-02-09T07:38:05.167914+00:00');
INSERT INTO "xp_pillar" VALUES(132,33,4,0,'2026-02-09T07:38:05.167914+00:00');
INSERT INTO "xp_pillar" VALUES(133,34,1,0,'2026-02-09T07:38:05.167914+00:00');
INSERT INTO "xp_pillar" VALUES(134,34,2,0,'2026-02-09T07:38:05.167914+00:00');
INSERT INTO "xp_pillar" VALUES(135,34,3,0,'2026-02-09T07:38:05.167914+00:00');
INSERT INTO "xp_pillar" VALUES(136,34,4,0,'2026-02-09T07:38:05.167914+00:00');
INSERT INTO "xp_pillar" VALUES(137,35,1,0,'2026-02-09T07:38:05.167914+00:00');
INSERT INTO "xp_pillar" VALUES(138,35,2,0,'2026-02-09T07:38:05.167914+00:00');
INSERT INTO "xp_pillar" VALUES(139,35,3,0,'2026-02-09T07:38:05.167914+00:00');
INSERT INTO "xp_pillar" VALUES(140,35,4,0,'2026-02-09T07:38:05.167914+00:00');
INSERT INTO "xp_pillar" VALUES(141,36,1,0,'2026-02-09T07:38:05.167914+00:00');
INSERT INTO "xp_pillar" VALUES(142,36,2,0,'2026-02-09T07:38:05.167914+00:00');
INSERT INTO "xp_pillar" VALUES(143,36,3,0,'2026-02-09T07:38:05.167914+00:00');
INSERT INTO "xp_pillar" VALUES(144,36,4,0,'2026-02-09T07:38:05.167914+00:00');
INSERT INTO "xp_pillar" VALUES(145,37,1,0,'2026-02-09T07:38:05.167914+00:00');
INSERT INTO "xp_pillar" VALUES(146,37,2,0,'2026-02-09T07:38:05.167914+00:00');
INSERT INTO "xp_pillar" VALUES(147,37,3,0,'2026-02-09T07:38:05.167914+00:00');
INSERT INTO "xp_pillar" VALUES(148,37,4,0,'2026-02-09T07:38:05.167914+00:00');
INSERT INTO "xp_pillar" VALUES(149,38,1,0,'2026-02-09T07:38:05.167914+00:00');
INSERT INTO "xp_pillar" VALUES(150,38,2,0,'2026-02-09T07:38:05.167914+00:00');
INSERT INTO "xp_pillar" VALUES(151,38,3,0,'2026-02-09T07:38:05.167914+00:00');
INSERT INTO "xp_pillar" VALUES(152,38,4,0,'2026-02-09T07:38:05.167914+00:00');
INSERT INTO "xp_pillar" VALUES(153,39,1,0,'2026-02-09T07:38:05.167914+00:00');
INSERT INTO "xp_pillar" VALUES(154,39,2,0,'2026-02-09T07:38:05.167914+00:00');
INSERT INTO "xp_pillar" VALUES(155,39,3,0,'2026-02-09T07:38:05.167914+00:00');
INSERT INTO "xp_pillar" VALUES(156,39,4,0,'2026-02-09T07:38:05.167914+00:00');
INSERT INTO "xp_pillar" VALUES(157,40,1,0,'2026-02-09T07:38:05.167914+00:00');
INSERT INTO "xp_pillar" VALUES(158,40,2,0,'2026-02-09T07:38:05.167914+00:00');
INSERT INTO "xp_pillar" VALUES(159,40,3,0,'2026-02-09T07:38:05.167914+00:00');
INSERT INTO "xp_pillar" VALUES(160,40,4,0,'2026-02-09T07:38:05.167914+00:00');
INSERT INTO "xp_pillar" VALUES(161,41,1,0,'2026-02-09T07:38:05.167914+00:00');
INSERT INTO "xp_pillar" VALUES(162,41,2,0,'2026-02-09T07:38:05.167914+00:00');
INSERT INTO "xp_pillar" VALUES(163,41,3,0,'2026-02-09T07:38:05.167914+00:00');
INSERT INTO "xp_pillar" VALUES(164,41,4,0,'2026-02-09T07:38:05.167914+00:00');
INSERT INTO "xp_pillar" VALUES(165,42,1,0,'2026-02-09T07:38:05.167914+00:00');
INSERT INTO "xp_pillar" VALUES(166,42,2,0,'2026-02-09T07:38:05.167914+00:00');
INSERT INTO "xp_pillar" VALUES(167,42,3,0,'2026-02-09T07:38:05.167914+00:00');
INSERT INTO "xp_pillar" VALUES(168,42,4,0,'2026-02-09T07:38:05.167914+00:00');
INSERT INTO "xp_pillar" VALUES(169,43,1,0,'2026-02-09T07:38:05.167914+00:00');
INSERT INTO "xp_pillar" VALUES(170,43,2,0,'2026-02-09T07:38:05.167914+00:00');
INSERT INTO "xp_pillar" VALUES(171,43,3,0,'2026-02-09T07:38:05.167914+00:00');
INSERT INTO "xp_pillar" VALUES(172,43,4,0,'2026-02-09T07:38:05.167914+00:00');
INSERT INTO "xp_pillar" VALUES(173,44,1,0,'2026-02-09T07:38:05.167914+00:00');
INSERT INTO "xp_pillar" VALUES(174,44,2,0,'2026-02-09T07:38:05.167914+00:00');
INSERT INTO "xp_pillar" VALUES(175,44,3,0,'2026-02-09T07:38:05.167914+00:00');
INSERT INTO "xp_pillar" VALUES(176,44,4,0,'2026-02-09T07:38:05.167914+00:00');
INSERT INTO "xp_pillar" VALUES(177,45,1,0,'2026-02-09T07:38:05.167914+00:00');
INSERT INTO "xp_pillar" VALUES(178,45,2,0,'2026-02-09T07:38:05.167914+00:00');
INSERT INTO "xp_pillar" VALUES(179,45,3,0,'2026-02-09T07:38:05.167914+00:00');
INSERT INTO "xp_pillar" VALUES(180,45,4,0,'2026-02-09T07:38:05.167914+00:00');
INSERT INTO "xp_pillar" VALUES(181,46,1,0,'2026-02-09T07:38:05.167914+00:00');
INSERT INTO "xp_pillar" VALUES(182,46,2,0,'2026-02-09T07:38:05.167914+00:00');
INSERT INTO "xp_pillar" VALUES(183,46,3,0,'2026-02-09T07:38:05.167914+00:00');
INSERT INTO "xp_pillar" VALUES(184,46,4,0,'2026-02-09T07:38:05.167914+00:00');
INSERT INTO "xp_pillar" VALUES(185,47,1,0,'2026-02-09T07:38:05.167914+00:00');
INSERT INTO "xp_pillar" VALUES(186,47,2,0,'2026-02-09T07:38:05.167914+00:00');
INSERT INTO "xp_pillar" VALUES(187,47,3,0,'2026-02-09T07:38:05.167914+00:00');
INSERT INTO "xp_pillar" VALUES(188,47,4,0,'2026-02-09T07:38:05.167914+00:00');
INSERT INTO "xp_pillar" VALUES(189,48,1,0,'2026-02-09T07:38:05.167914+00:00');
INSERT INTO "xp_pillar" VALUES(190,48,2,0,'2026-02-09T07:38:05.167914+00:00');
INSERT INTO "xp_pillar" VALUES(191,48,3,0,'2026-02-09T07:38:05.167914+00:00');
INSERT INTO "xp_pillar" VALUES(192,48,4,0,'2026-02-09T07:38:05.167914+00:00');
INSERT INTO "xp_pillar" VALUES(193,49,1,0,'2026-02-09T07:38:05.167914+00:00');
INSERT INTO "xp_pillar" VALUES(194,49,2,0,'2026-02-09T07:38:05.167914+00:00');
INSERT INTO "xp_pillar" VALUES(195,49,3,0,'2026-02-09T07:38:05.167914+00:00');
INSERT INTO "xp_pillar" VALUES(196,49,4,0,'2026-02-09T07:38:05.167914+00:00');
INSERT INTO "xp_pillar" VALUES(197,50,1,44,'2026-02-09T07:53:11.807935+00:00');
INSERT INTO "xp_pillar" VALUES(198,50,2,0,'2026-02-09T07:38:05.167914+00:00');
INSERT INTO "xp_pillar" VALUES(199,50,3,0,'2026-02-09T07:38:05.167914+00:00');
INSERT INTO "xp_pillar" VALUES(200,50,4,0,'2026-02-09T07:38:05.167914+00:00');
INSERT INTO "xp_pillar" VALUES(201,51,1,0,'2026-02-09T07:38:05.167914+00:00');
INSERT INTO "xp_pillar" VALUES(202,51,2,0,'2026-02-09T07:38:05.167914+00:00');
INSERT INTO "xp_pillar" VALUES(203,51,3,0,'2026-02-09T07:38:05.167914+00:00');
INSERT INTO "xp_pillar" VALUES(204,51,4,0,'2026-02-09T07:38:05.167914+00:00');
INSERT INTO "xp_pillar" VALUES(205,52,1,0,'2026-02-09T07:38:05.167914+00:00');
INSERT INTO "xp_pillar" VALUES(206,52,2,0,'2026-02-09T07:38:05.167914+00:00');
INSERT INTO "xp_pillar" VALUES(207,52,3,0,'2026-02-09T07:38:05.167914+00:00');
INSERT INTO "xp_pillar" VALUES(208,52,4,0,'2026-02-09T07:38:05.167914+00:00');
INSERT INTO "xp_pillar" VALUES(209,53,1,0,'2026-02-09T07:38:05.167914+00:00');
INSERT INTO "xp_pillar" VALUES(210,53,2,0,'2026-02-09T07:38:05.167914+00:00');
INSERT INTO "xp_pillar" VALUES(211,53,3,0,'2026-02-09T07:38:05.167914+00:00');
INSERT INTO "xp_pillar" VALUES(212,53,4,0,'2026-02-09T07:38:05.167914+00:00');
INSERT INTO "xp_pillar" VALUES(213,54,1,0,'2026-02-09T07:38:05.167914+00:00');
INSERT INTO "xp_pillar" VALUES(214,54,2,0,'2026-02-09T07:38:05.167914+00:00');
INSERT INTO "xp_pillar" VALUES(215,54,3,0,'2026-02-09T07:38:05.167914+00:00');
INSERT INTO "xp_pillar" VALUES(216,54,4,0,'2026-02-09T07:38:05.167914+00:00');
INSERT INTO "xp_pillar" VALUES(217,55,1,0,'2026-02-09T07:38:05.167914+00:00');
INSERT INTO "xp_pillar" VALUES(218,55,2,0,'2026-02-09T07:38:05.167914+00:00');
INSERT INTO "xp_pillar" VALUES(219,55,3,0,'2026-02-09T07:38:05.167914+00:00');
INSERT INTO "xp_pillar" VALUES(220,55,4,0,'2026-02-09T07:38:05.167914+00:00');
INSERT INTO "xp_pillar" VALUES(221,56,1,0,'2026-02-09T07:38:05.167914+00:00');
INSERT INTO "xp_pillar" VALUES(222,56,2,0,'2026-02-09T07:38:05.167914+00:00');
INSERT INTO "xp_pillar" VALUES(223,56,3,0,'2026-02-09T07:38:05.167914+00:00');
INSERT INTO "xp_pillar" VALUES(224,56,4,0,'2026-02-09T07:38:05.167914+00:00');
INSERT INTO "xp_pillar" VALUES(225,57,1,0,'2026-02-09T07:38:05.167914+00:00');
INSERT INTO "xp_pillar" VALUES(226,57,2,0,'2026-02-09T07:38:05.167914+00:00');
INSERT INTO "xp_pillar" VALUES(227,57,3,0,'2026-02-09T07:38:05.167914+00:00');
INSERT INTO "xp_pillar" VALUES(228,57,4,0,'2026-02-09T07:38:05.167914+00:00');
INSERT INTO "xp_pillar" VALUES(229,58,1,0,'2026-02-09T07:38:05.167914+00:00');
INSERT INTO "xp_pillar" VALUES(230,58,2,0,'2026-02-09T07:38:05.167914+00:00');
INSERT INTO "xp_pillar" VALUES(231,58,3,0,'2026-02-09T07:38:05.167914+00:00');
INSERT INTO "xp_pillar" VALUES(232,58,4,0,'2026-02-09T07:38:05.167914+00:00');
INSERT INTO "xp_pillar" VALUES(233,59,1,0,'2026-02-09T07:38:05.167914+00:00');
INSERT INTO "xp_pillar" VALUES(234,59,2,0,'2026-02-09T07:38:05.167914+00:00');
INSERT INTO "xp_pillar" VALUES(235,59,3,0,'2026-02-09T07:38:05.167914+00:00');
INSERT INTO "xp_pillar" VALUES(236,59,4,0,'2026-02-09T07:38:05.167914+00:00');
INSERT INTO "xp_pillar" VALUES(237,60,1,0,'2026-02-09T07:38:05.168917+00:00');
INSERT INTO "xp_pillar" VALUES(238,60,2,0,'2026-02-09T07:38:05.168917+00:00');
INSERT INTO "xp_pillar" VALUES(239,60,3,0,'2026-02-09T07:38:05.168917+00:00');
INSERT INTO "xp_pillar" VALUES(240,60,4,0,'2026-02-09T07:38:05.168917+00:00');
INSERT INTO "xp_pillar" VALUES(241,61,1,0,'2026-02-09T07:38:05.168917+00:00');
INSERT INTO "xp_pillar" VALUES(242,61,2,0,'2026-02-09T07:38:05.168917+00:00');
INSERT INTO "xp_pillar" VALUES(243,61,3,0,'2026-02-09T07:38:05.168917+00:00');
INSERT INTO "xp_pillar" VALUES(244,61,4,0,'2026-02-09T07:38:05.168917+00:00');
INSERT INTO "xp_pillar" VALUES(245,62,1,0,'2026-02-09T07:38:05.168917+00:00');
INSERT INTO "xp_pillar" VALUES(246,62,2,0,'2026-02-09T07:38:05.168917+00:00');
INSERT INTO "xp_pillar" VALUES(247,62,3,0,'2026-02-09T07:38:05.168917+00:00');
INSERT INTO "xp_pillar" VALUES(248,62,4,0,'2026-02-09T07:38:05.168917+00:00');
INSERT INTO "xp_pillar" VALUES(249,63,1,0,'2026-02-09T07:38:05.168917+00:00');
INSERT INTO "xp_pillar" VALUES(250,63,2,0,'2026-02-09T07:38:05.168917+00:00');
INSERT INTO "xp_pillar" VALUES(251,63,3,0,'2026-02-09T07:38:05.168917+00:00');
INSERT INTO "xp_pillar" VALUES(252,63,4,0,'2026-02-09T07:38:05.168917+00:00');
INSERT INTO "xp_pillar" VALUES(253,64,1,0,'2026-02-09T07:38:05.168917+00:00');
INSERT INTO "xp_pillar" VALUES(254,64,2,0,'2026-02-09T07:38:05.168917+00:00');
INSERT INTO "xp_pillar" VALUES(255,64,3,0,'2026-02-09T07:38:05.168917+00:00');
INSERT INTO "xp_pillar" VALUES(256,64,4,0,'2026-02-09T07:38:05.168917+00:00');
INSERT INTO "xp_pillar" VALUES(257,65,1,0,'2026-02-09T07:38:05.168917+00:00');
INSERT INTO "xp_pillar" VALUES(258,65,2,0,'2026-02-09T07:38:05.168917+00:00');
INSERT INTO "xp_pillar" VALUES(259,65,3,0,'2026-02-09T07:38:05.168917+00:00');
INSERT INTO "xp_pillar" VALUES(260,65,4,0,'2026-02-09T07:38:05.168917+00:00');
INSERT INTO "xp_pillar" VALUES(261,66,1,0,'2026-02-09T07:38:05.168917+00:00');
INSERT INTO "xp_pillar" VALUES(262,66,2,0,'2026-02-09T07:38:05.168917+00:00');
INSERT INTO "xp_pillar" VALUES(263,66,3,0,'2026-02-09T07:38:05.168917+00:00');
INSERT INTO "xp_pillar" VALUES(264,66,4,0,'2026-02-09T07:38:05.168917+00:00');
INSERT INTO "xp_pillar" VALUES(265,67,1,0,'2026-02-09T07:38:05.168917+00:00');
INSERT INTO "xp_pillar" VALUES(266,67,2,0,'2026-02-09T07:38:05.168917+00:00');
INSERT INTO "xp_pillar" VALUES(267,67,3,0,'2026-02-09T07:38:05.168917+00:00');
INSERT INTO "xp_pillar" VALUES(268,67,4,0,'2026-02-09T07:38:05.168917+00:00');
INSERT INTO "xp_pillar" VALUES(269,68,1,0,'2026-02-09T07:38:05.168917+00:00');
INSERT INTO "xp_pillar" VALUES(270,68,2,0,'2026-02-09T07:38:05.168917+00:00');
INSERT INTO "xp_pillar" VALUES(271,68,3,0,'2026-02-09T07:38:05.168917+00:00');
INSERT INTO "xp_pillar" VALUES(272,68,4,0,'2026-02-09T07:38:05.168917+00:00');
INSERT INTO "xp_pillar" VALUES(273,69,1,0,'2026-02-09T07:38:05.168917+00:00');
INSERT INTO "xp_pillar" VALUES(274,69,2,0,'2026-02-09T07:38:05.168917+00:00');
INSERT INTO "xp_pillar" VALUES(275,69,3,0,'2026-02-09T07:38:05.168917+00:00');
INSERT INTO "xp_pillar" VALUES(276,69,4,0,'2026-02-09T07:38:05.168917+00:00');
INSERT INTO "xp_pillar" VALUES(277,70,1,0,'2026-02-09T07:38:05.168917+00:00');
INSERT INTO "xp_pillar" VALUES(278,70,2,0,'2026-02-09T07:38:05.168917+00:00');
INSERT INTO "xp_pillar" VALUES(279,70,3,0,'2026-02-09T07:38:05.168917+00:00');
INSERT INTO "xp_pillar" VALUES(280,70,4,0,'2026-02-09T07:38:05.168917+00:00');
INSERT INTO "xp_pillar" VALUES(281,71,1,0,'2026-02-09T07:38:05.168917+00:00');
INSERT INTO "xp_pillar" VALUES(282,71,2,0,'2026-02-09T07:38:05.168917+00:00');
INSERT INTO "xp_pillar" VALUES(283,71,3,0,'2026-02-09T07:38:05.168917+00:00');
INSERT INTO "xp_pillar" VALUES(284,71,4,0,'2026-02-09T07:38:05.168917+00:00');
INSERT INTO "xp_pillar" VALUES(285,72,1,0,'2026-02-09T07:38:05.168917+00:00');
INSERT INTO "xp_pillar" VALUES(286,72,2,0,'2026-02-09T07:38:05.168917+00:00');
INSERT INTO "xp_pillar" VALUES(287,72,3,0,'2026-02-09T07:38:05.168917+00:00');
INSERT INTO "xp_pillar" VALUES(288,72,4,0,'2026-02-09T07:38:05.168917+00:00');
INSERT INTO "xp_pillar" VALUES(289,73,1,0,'2026-02-09T07:38:05.168917+00:00');
INSERT INTO "xp_pillar" VALUES(290,73,2,0,'2026-02-09T07:38:05.168917+00:00');
INSERT INTO "xp_pillar" VALUES(291,73,3,0,'2026-02-09T07:38:05.168917+00:00');
INSERT INTO "xp_pillar" VALUES(292,73,4,0,'2026-02-09T07:38:05.168917+00:00');
INSERT INTO "xp_pillar" VALUES(293,74,1,0,'2026-02-09T07:38:05.168917+00:00');
INSERT INTO "xp_pillar" VALUES(294,74,2,0,'2026-02-09T07:38:05.168917+00:00');
INSERT INTO "xp_pillar" VALUES(295,74,3,0,'2026-02-09T07:38:05.168917+00:00');
INSERT INTO "xp_pillar" VALUES(296,74,4,0,'2026-02-09T07:38:05.168917+00:00');
INSERT INTO "xp_pillar" VALUES(297,75,1,0,'2026-02-09T07:38:05.168917+00:00');
INSERT INTO "xp_pillar" VALUES(298,75,2,0,'2026-02-09T07:38:05.168917+00:00');
INSERT INTO "xp_pillar" VALUES(299,75,3,0,'2026-02-09T07:38:05.168917+00:00');
INSERT INTO "xp_pillar" VALUES(300,75,4,0,'2026-02-09T07:38:05.168917+00:00');
INSERT INTO "xp_pillar" VALUES(301,76,1,0,'2026-02-09T07:38:05.168917+00:00');
INSERT INTO "xp_pillar" VALUES(302,76,2,0,'2026-02-09T07:38:05.168917+00:00');
INSERT INTO "xp_pillar" VALUES(303,76,3,0,'2026-02-09T07:38:05.168917+00:00');
INSERT INTO "xp_pillar" VALUES(304,76,4,0,'2026-02-09T07:38:05.168917+00:00');
INSERT INTO "xp_pillar" VALUES(305,77,1,0,'2026-02-09T07:38:05.168917+00:00');
INSERT INTO "xp_pillar" VALUES(306,77,2,0,'2026-02-09T07:38:05.168917+00:00');
INSERT INTO "xp_pillar" VALUES(307,77,3,0,'2026-02-09T07:38:05.168917+00:00');
INSERT INTO "xp_pillar" VALUES(308,77,4,0,'2026-02-09T07:38:05.168917+00:00');
INSERT INTO "xp_pillar" VALUES(309,78,1,0,'2026-02-09T07:38:05.168917+00:00');
INSERT INTO "xp_pillar" VALUES(310,78,2,0,'2026-02-09T07:38:05.168917+00:00');
INSERT INTO "xp_pillar" VALUES(311,78,3,0,'2026-02-09T07:38:05.168917+00:00');
INSERT INTO "xp_pillar" VALUES(312,78,4,0,'2026-02-09T07:38:05.168917+00:00');
INSERT INTO "xp_pillar" VALUES(313,79,1,0,'2026-02-09T07:38:05.168917+00:00');
INSERT INTO "xp_pillar" VALUES(314,79,2,0,'2026-02-09T07:38:05.168917+00:00');
INSERT INTO "xp_pillar" VALUES(315,79,3,0,'2026-02-09T07:38:05.168917+00:00');
INSERT INTO "xp_pillar" VALUES(316,79,4,0,'2026-02-09T07:38:05.168917+00:00');
INSERT INTO "xp_pillar" VALUES(317,80,1,0,'2026-02-09T07:38:05.168917+00:00');
INSERT INTO "xp_pillar" VALUES(318,80,2,0,'2026-02-09T07:38:05.168917+00:00');
INSERT INTO "xp_pillar" VALUES(319,80,3,0,'2026-02-09T07:38:05.168917+00:00');
INSERT INTO "xp_pillar" VALUES(320,80,4,0,'2026-02-09T07:38:05.168917+00:00');
INSERT INTO "xp_pillar" VALUES(321,81,1,0,'2026-02-09T07:38:05.168917+00:00');
INSERT INTO "xp_pillar" VALUES(322,81,2,0,'2026-02-09T07:38:05.168917+00:00');
INSERT INTO "xp_pillar" VALUES(323,81,3,0,'2026-02-09T07:38:05.168917+00:00');
INSERT INTO "xp_pillar" VALUES(324,81,4,0,'2026-02-09T07:38:05.168917+00:00');
INSERT INTO "xp_pillar" VALUES(325,82,1,0,'2026-02-09T07:38:05.168917+00:00');
INSERT INTO "xp_pillar" VALUES(326,82,2,0,'2026-02-09T07:38:05.168917+00:00');
INSERT INTO "xp_pillar" VALUES(327,82,3,0,'2026-02-09T07:38:05.168917+00:00');
INSERT INTO "xp_pillar" VALUES(328,82,4,0,'2026-02-09T07:38:05.168917+00:00');
INSERT INTO "xp_pillar" VALUES(329,83,1,0,'2026-02-09T07:38:05.168917+00:00');
INSERT INTO "xp_pillar" VALUES(330,83,2,0,'2026-02-09T07:38:05.168917+00:00');
INSERT INTO "xp_pillar" VALUES(331,83,3,0,'2026-02-09T07:38:05.168917+00:00');
INSERT INTO "xp_pillar" VALUES(332,83,4,0,'2026-02-09T07:38:05.168917+00:00');
INSERT INTO "xp_pillar" VALUES(333,84,1,0,'2026-02-09T07:38:05.168917+00:00');
INSERT INTO "xp_pillar" VALUES(334,84,2,0,'2026-02-09T07:38:05.168917+00:00');
INSERT INTO "xp_pillar" VALUES(335,84,3,0,'2026-02-09T07:38:05.168917+00:00');
INSERT INTO "xp_pillar" VALUES(336,84,4,0,'2026-02-09T07:38:05.168917+00:00');
INSERT INTO "xp_pillar" VALUES(337,85,1,0,'2026-02-09T07:38:05.168917+00:00');
INSERT INTO "xp_pillar" VALUES(338,85,2,0,'2026-02-09T07:38:05.168917+00:00');
INSERT INTO "xp_pillar" VALUES(339,85,3,0,'2026-02-09T07:38:05.168917+00:00');
INSERT INTO "xp_pillar" VALUES(340,85,4,0,'2026-02-09T07:38:05.168917+00:00');
INSERT INTO "xp_pillar" VALUES(341,86,1,0,'2026-02-09T07:38:05.169920+00:00');
INSERT INTO "xp_pillar" VALUES(342,86,2,0,'2026-02-09T07:38:05.169920+00:00');
INSERT INTO "xp_pillar" VALUES(343,86,3,0,'2026-02-09T07:38:05.169920+00:00');
INSERT INTO "xp_pillar" VALUES(344,86,4,0,'2026-02-09T07:38:05.169920+00:00');
INSERT INTO "xp_pillar" VALUES(345,87,1,0,'2026-02-09T07:38:05.169920+00:00');
INSERT INTO "xp_pillar" VALUES(346,87,2,0,'2026-02-09T07:38:05.169920+00:00');
INSERT INTO "xp_pillar" VALUES(347,87,3,0,'2026-02-09T07:38:05.169920+00:00');
INSERT INTO "xp_pillar" VALUES(348,87,4,0,'2026-02-09T07:38:05.169920+00:00');
INSERT INTO "xp_pillar" VALUES(349,88,1,0,'2026-02-09T07:38:05.169920+00:00');
INSERT INTO "xp_pillar" VALUES(350,88,2,0,'2026-02-09T07:38:05.169920+00:00');
INSERT INTO "xp_pillar" VALUES(351,88,3,0,'2026-02-09T07:38:05.169920+00:00');
INSERT INTO "xp_pillar" VALUES(352,88,4,0,'2026-02-09T07:38:05.169920+00:00');
INSERT INTO "xp_pillar" VALUES(353,89,1,0,'2026-02-09T07:38:05.169920+00:00');
INSERT INTO "xp_pillar" VALUES(354,89,2,0,'2026-02-09T07:38:05.169920+00:00');
INSERT INTO "xp_pillar" VALUES(355,89,3,0,'2026-02-09T07:38:05.169920+00:00');
INSERT INTO "xp_pillar" VALUES(356,89,4,0,'2026-02-09T07:38:05.169920+00:00');
INSERT INTO "xp_pillar" VALUES(357,90,1,0,'2026-02-09T07:38:05.169920+00:00');
INSERT INTO "xp_pillar" VALUES(358,90,2,0,'2026-02-09T07:38:05.169920+00:00');
INSERT INTO "xp_pillar" VALUES(359,90,3,0,'2026-02-09T07:38:05.169920+00:00');
INSERT INTO "xp_pillar" VALUES(360,90,4,0,'2026-02-09T07:38:05.169920+00:00');
INSERT INTO "xp_pillar" VALUES(361,91,1,0,'2026-02-09T07:38:05.169920+00:00');
INSERT INTO "xp_pillar" VALUES(362,91,2,0,'2026-02-09T07:38:05.169920+00:00');
INSERT INTO "xp_pillar" VALUES(363,91,3,0,'2026-02-09T07:38:05.169920+00:00');
INSERT INTO "xp_pillar" VALUES(364,91,4,0,'2026-02-09T07:38:05.169920+00:00');
INSERT INTO "xp_pillar" VALUES(365,92,1,0,'2026-02-09T07:38:05.169920+00:00');
INSERT INTO "xp_pillar" VALUES(366,92,2,0,'2026-02-09T07:38:05.169920+00:00');
INSERT INTO "xp_pillar" VALUES(367,92,3,0,'2026-02-09T07:38:05.169920+00:00');
INSERT INTO "xp_pillar" VALUES(368,92,4,0,'2026-02-09T07:38:05.169920+00:00');
INSERT INTO "xp_pillar" VALUES(369,93,1,0,'2026-02-09T07:38:05.169920+00:00');
INSERT INTO "xp_pillar" VALUES(370,93,2,0,'2026-02-09T07:38:05.169920+00:00');
INSERT INTO "xp_pillar" VALUES(371,93,3,0,'2026-02-09T07:38:05.169920+00:00');
INSERT INTO "xp_pillar" VALUES(372,93,4,0,'2026-02-09T07:38:05.169920+00:00');
INSERT INTO "xp_pillar" VALUES(373,94,1,0,'2026-02-09T07:38:05.169920+00:00');
INSERT INTO "xp_pillar" VALUES(374,94,2,0,'2026-02-09T07:38:05.169920+00:00');
INSERT INTO "xp_pillar" VALUES(375,94,3,0,'2026-02-09T07:38:05.169920+00:00');
INSERT INTO "xp_pillar" VALUES(376,94,4,0,'2026-02-09T07:38:05.169920+00:00');
INSERT INTO "xp_pillar" VALUES(377,95,1,0,'2026-02-09T07:38:05.169920+00:00');
INSERT INTO "xp_pillar" VALUES(378,95,2,0,'2026-02-09T07:38:05.169920+00:00');
INSERT INTO "xp_pillar" VALUES(379,95,3,0,'2026-02-09T07:38:05.169920+00:00');
INSERT INTO "xp_pillar" VALUES(380,95,4,0,'2026-02-09T07:38:05.169920+00:00');
INSERT INTO "xp_pillar" VALUES(381,96,1,0,'2026-02-09T07:38:05.169920+00:00');
INSERT INTO "xp_pillar" VALUES(382,96,2,0,'2026-02-09T07:38:05.169920+00:00');
INSERT INTO "xp_pillar" VALUES(383,96,3,0,'2026-02-09T07:38:05.169920+00:00');
INSERT INTO "xp_pillar" VALUES(384,96,4,0,'2026-02-09T07:38:05.169920+00:00');
INSERT INTO "xp_pillar" VALUES(385,97,1,0,'2026-02-09T07:38:05.169920+00:00');
INSERT INTO "xp_pillar" VALUES(386,97,2,0,'2026-02-09T07:38:05.169920+00:00');
INSERT INTO "xp_pillar" VALUES(387,97,3,0,'2026-02-09T07:38:05.169920+00:00');
INSERT INTO "xp_pillar" VALUES(388,97,4,0,'2026-02-09T07:38:05.169920+00:00');
INSERT INTO "xp_pillar" VALUES(389,98,1,0,'2026-02-09T07:38:05.169920+00:00');
INSERT INTO "xp_pillar" VALUES(390,98,2,0,'2026-02-09T07:38:05.169920+00:00');
INSERT INTO "xp_pillar" VALUES(391,98,3,0,'2026-02-09T07:38:05.169920+00:00');
INSERT INTO "xp_pillar" VALUES(392,98,4,0,'2026-02-09T07:38:05.169920+00:00');
INSERT INTO "xp_pillar" VALUES(393,99,1,0,'2026-02-09T07:38:05.169920+00:00');
INSERT INTO "xp_pillar" VALUES(394,99,2,0,'2026-02-09T07:38:05.169920+00:00');
INSERT INTO "xp_pillar" VALUES(395,99,3,0,'2026-02-09T07:38:05.169920+00:00');
INSERT INTO "xp_pillar" VALUES(396,99,4,0,'2026-02-09T07:38:05.169920+00:00');
INSERT INTO "xp_pillar" VALUES(397,100,1,0,'2026-02-09T07:38:05.169920+00:00');
INSERT INTO "xp_pillar" VALUES(398,100,2,0,'2026-02-09T07:38:05.169920+00:00');
INSERT INTO "xp_pillar" VALUES(399,100,3,0,'2026-02-09T07:38:05.169920+00:00');
INSERT INTO "xp_pillar" VALUES(400,100,4,0,'2026-02-09T07:38:05.169920+00:00');
INSERT INTO "xp_pillar" VALUES(401,101,1,0,'2026-02-09T07:38:05.169920+00:00');
INSERT INTO "xp_pillar" VALUES(402,101,2,0,'2026-02-09T07:38:05.169920+00:00');
INSERT INTO "xp_pillar" VALUES(403,101,3,0,'2026-02-09T07:38:05.169920+00:00');
INSERT INTO "xp_pillar" VALUES(404,101,4,0,'2026-02-09T07:38:05.169920+00:00');
INSERT INTO "xp_pillar" VALUES(405,102,1,0,'2026-02-09T07:38:05.169920+00:00');
INSERT INTO "xp_pillar" VALUES(406,102,2,0,'2026-02-09T07:38:05.169920+00:00');
INSERT INTO "xp_pillar" VALUES(407,102,3,0,'2026-02-09T07:38:05.169920+00:00');
INSERT INTO "xp_pillar" VALUES(408,102,4,0,'2026-02-09T07:38:05.169920+00:00');
INSERT INTO "xp_pillar" VALUES(409,103,1,0,'2026-02-09T07:38:05.169920+00:00');
INSERT INTO "xp_pillar" VALUES(410,103,2,0,'2026-02-09T07:38:05.169920+00:00');
INSERT INTO "xp_pillar" VALUES(411,103,3,0,'2026-02-09T07:38:05.169920+00:00');
INSERT INTO "xp_pillar" VALUES(412,103,4,0,'2026-02-09T07:38:05.169920+00:00');
INSERT INTO "xp_pillar" VALUES(413,104,1,0,'2026-02-09T07:38:05.169920+00:00');
INSERT INTO "xp_pillar" VALUES(414,104,2,0,'2026-02-09T07:38:05.169920+00:00');
INSERT INTO "xp_pillar" VALUES(415,104,3,0,'2026-02-09T07:38:05.169920+00:00');
INSERT INTO "xp_pillar" VALUES(416,104,4,0,'2026-02-09T07:38:05.169920+00:00');
INSERT INTO "xp_pillar" VALUES(417,105,1,0,'2026-02-09T07:38:05.169920+00:00');
INSERT INTO "xp_pillar" VALUES(418,105,2,0,'2026-02-09T07:38:05.169920+00:00');
INSERT INTO "xp_pillar" VALUES(419,105,3,0,'2026-02-09T07:38:05.169920+00:00');
INSERT INTO "xp_pillar" VALUES(420,105,4,0,'2026-02-09T07:38:05.169920+00:00');
INSERT INTO "xp_pillar" VALUES(421,106,1,0,'2026-02-09T07:38:05.169920+00:00');
INSERT INTO "xp_pillar" VALUES(422,106,2,0,'2026-02-09T07:38:05.169920+00:00');
INSERT INTO "xp_pillar" VALUES(423,106,3,0,'2026-02-09T07:38:05.169920+00:00');
INSERT INTO "xp_pillar" VALUES(424,106,4,0,'2026-02-09T07:38:05.169920+00:00');
INSERT INTO "xp_pillar" VALUES(425,107,1,0,'2026-02-09T07:38:05.169920+00:00');
INSERT INTO "xp_pillar" VALUES(426,107,2,0,'2026-02-09T07:38:05.169920+00:00');
INSERT INTO "xp_pillar" VALUES(427,107,3,0,'2026-02-09T07:38:05.169920+00:00');
INSERT INTO "xp_pillar" VALUES(428,107,4,0,'2026-02-09T07:38:05.169920+00:00');
INSERT INTO "xp_pillar" VALUES(429,108,1,0,'2026-02-09T07:38:05.169920+00:00');
INSERT INTO "xp_pillar" VALUES(430,108,2,0,'2026-02-09T07:38:05.169920+00:00');
INSERT INTO "xp_pillar" VALUES(431,108,3,0,'2026-02-09T07:38:05.169920+00:00');
INSERT INTO "xp_pillar" VALUES(432,108,4,0,'2026-02-09T07:38:05.169920+00:00');
INSERT INTO "xp_pillar" VALUES(433,109,1,0,'2026-02-09T07:38:05.169920+00:00');
INSERT INTO "xp_pillar" VALUES(434,109,2,0,'2026-02-09T07:38:05.169920+00:00');
INSERT INTO "xp_pillar" VALUES(435,109,3,0,'2026-02-09T07:38:05.169920+00:00');
INSERT INTO "xp_pillar" VALUES(436,109,4,0,'2026-02-09T07:38:05.169920+00:00');
INSERT INTO "xp_pillar" VALUES(437,110,1,0,'2026-02-09T07:38:05.169920+00:00');
INSERT INTO "xp_pillar" VALUES(438,110,2,0,'2026-02-09T07:38:05.169920+00:00');
INSERT INTO "xp_pillar" VALUES(439,110,3,0,'2026-02-09T07:38:05.169920+00:00');
INSERT INTO "xp_pillar" VALUES(440,110,4,0,'2026-02-09T07:38:05.169920+00:00');
INSERT INTO "xp_pillar" VALUES(441,111,1,0,'2026-02-09T07:38:05.169920+00:00');
INSERT INTO "xp_pillar" VALUES(442,111,2,0,'2026-02-09T07:38:05.169920+00:00');
INSERT INTO "xp_pillar" VALUES(443,111,3,0,'2026-02-09T07:38:05.169920+00:00');
INSERT INTO "xp_pillar" VALUES(444,111,4,0,'2026-02-09T07:38:05.169920+00:00');
INSERT INTO "xp_pillar" VALUES(445,112,1,0,'2026-02-09T07:38:05.169920+00:00');
INSERT INTO "xp_pillar" VALUES(446,112,2,0,'2026-02-09T07:38:05.169920+00:00');
INSERT INTO "xp_pillar" VALUES(447,112,3,0,'2026-02-09T07:38:05.169920+00:00');
INSERT INTO "xp_pillar" VALUES(448,112,4,0,'2026-02-09T07:38:05.169920+00:00');
INSERT INTO "xp_pillar" VALUES(449,113,1,0,'2026-02-09T07:38:05.169920+00:00');
INSERT INTO "xp_pillar" VALUES(450,113,2,0,'2026-02-09T07:38:05.169920+00:00');
INSERT INTO "xp_pillar" VALUES(451,113,3,0,'2026-02-09T07:38:05.169920+00:00');
INSERT INTO "xp_pillar" VALUES(452,113,4,0,'2026-02-09T07:38:05.169920+00:00');
INSERT INTO "xp_pillar" VALUES(453,114,1,0,'2026-02-09T07:38:05.169920+00:00');
INSERT INTO "xp_pillar" VALUES(454,114,2,0,'2026-02-09T07:38:05.169920+00:00');
INSERT INTO "xp_pillar" VALUES(455,114,3,0,'2026-02-09T07:38:05.169920+00:00');
INSERT INTO "xp_pillar" VALUES(456,114,4,0,'2026-02-09T07:38:05.169920+00:00');
INSERT INTO "xp_pillar" VALUES(457,115,1,0,'2026-02-09T07:38:05.169920+00:00');
INSERT INTO "xp_pillar" VALUES(458,115,2,0,'2026-02-09T07:38:05.169920+00:00');
INSERT INTO "xp_pillar" VALUES(459,115,3,0,'2026-02-09T07:38:05.169920+00:00');
INSERT INTO "xp_pillar" VALUES(460,115,4,0,'2026-02-09T07:38:05.169920+00:00');
INSERT INTO "xp_pillar" VALUES(461,116,1,0,'2026-02-09T07:38:05.169920+00:00');
INSERT INTO "xp_pillar" VALUES(462,116,2,0,'2026-02-09T07:38:05.169920+00:00');
INSERT INTO "xp_pillar" VALUES(463,116,3,0,'2026-02-09T07:38:05.169920+00:00');
INSERT INTO "xp_pillar" VALUES(464,116,4,0,'2026-02-09T07:38:05.169920+00:00');
INSERT INTO "xp_pillar" VALUES(465,117,1,0,'2026-02-09T07:38:05.169920+00:00');
INSERT INTO "xp_pillar" VALUES(466,117,2,0,'2026-02-09T07:38:05.169920+00:00');
INSERT INTO "xp_pillar" VALUES(467,117,3,0,'2026-02-09T07:38:05.169920+00:00');
INSERT INTO "xp_pillar" VALUES(468,117,4,0,'2026-02-09T07:38:05.169920+00:00');
INSERT INTO "xp_pillar" VALUES(469,118,1,0,'2026-02-09T07:38:05.169920+00:00');
INSERT INTO "xp_pillar" VALUES(470,118,2,0,'2026-02-09T07:38:05.169920+00:00');
INSERT INTO "xp_pillar" VALUES(471,118,3,0,'2026-02-09T07:38:05.169920+00:00');
INSERT INTO "xp_pillar" VALUES(472,118,4,0,'2026-02-09T07:38:05.169920+00:00');
INSERT INTO "xp_pillar" VALUES(473,119,1,0,'2026-02-09T07:38:05.169920+00:00');
INSERT INTO "xp_pillar" VALUES(474,119,2,0,'2026-02-09T07:38:05.169920+00:00');
INSERT INTO "xp_pillar" VALUES(475,119,3,0,'2026-02-09T07:38:05.169920+00:00');
INSERT INTO "xp_pillar" VALUES(476,119,4,0,'2026-02-09T07:38:05.169920+00:00');
INSERT INTO "xp_pillar" VALUES(477,120,1,0,'2026-02-09T07:38:05.169920+00:00');
INSERT INTO "xp_pillar" VALUES(478,120,2,0,'2026-02-09T07:38:05.169920+00:00');
INSERT INTO "xp_pillar" VALUES(479,120,3,0,'2026-02-09T07:38:05.169920+00:00');
INSERT INTO "xp_pillar" VALUES(480,120,4,0,'2026-02-09T07:38:05.169920+00:00');
INSERT INTO "xp_pillar" VALUES(481,121,1,0,'2026-02-09T07:38:05.169920+00:00');
INSERT INTO "xp_pillar" VALUES(482,121,2,0,'2026-02-09T07:38:05.169920+00:00');
INSERT INTO "xp_pillar" VALUES(483,121,3,0,'2026-02-09T07:38:05.169920+00:00');
INSERT INTO "xp_pillar" VALUES(484,121,4,0,'2026-02-09T07:38:05.169920+00:00');
INSERT INTO "xp_pillar" VALUES(485,122,1,0,'2026-02-09T07:38:05.169920+00:00');
INSERT INTO "xp_pillar" VALUES(486,122,2,0,'2026-02-09T07:38:05.169920+00:00');
INSERT INTO "xp_pillar" VALUES(487,122,3,0,'2026-02-09T07:38:05.169920+00:00');
INSERT INTO "xp_pillar" VALUES(488,122,4,0,'2026-02-09T07:38:05.169920+00:00');
INSERT INTO "xp_pillar" VALUES(489,123,1,0,'2026-02-09T07:38:05.171252+00:00');
INSERT INTO "xp_pillar" VALUES(490,123,2,0,'2026-02-09T07:38:05.171252+00:00');
INSERT INTO "xp_pillar" VALUES(491,123,3,0,'2026-02-09T07:38:05.171252+00:00');
INSERT INTO "xp_pillar" VALUES(492,123,4,0,'2026-02-09T07:38:05.171252+00:00');
INSERT INTO "xp_pillar" VALUES(493,124,1,0,'2026-02-09T07:38:05.171252+00:00');
INSERT INTO "xp_pillar" VALUES(494,124,2,0,'2026-02-09T07:38:05.171252+00:00');
INSERT INTO "xp_pillar" VALUES(495,124,3,0,'2026-02-09T07:38:05.171252+00:00');
INSERT INTO "xp_pillar" VALUES(496,124,4,0,'2026-02-09T07:38:05.171252+00:00');
INSERT INTO "xp_pillar" VALUES(497,125,1,0,'2026-02-09T07:38:05.171252+00:00');
INSERT INTO "xp_pillar" VALUES(498,125,2,0,'2026-02-09T07:38:05.171252+00:00');
INSERT INTO "xp_pillar" VALUES(499,125,3,0,'2026-02-09T07:38:05.171252+00:00');
INSERT INTO "xp_pillar" VALUES(500,125,4,0,'2026-02-09T07:38:05.171252+00:00');
INSERT INTO "xp_pillar" VALUES(501,126,1,0,'2026-02-09T07:38:05.171252+00:00');
INSERT INTO "xp_pillar" VALUES(502,126,2,0,'2026-02-09T07:38:05.171252+00:00');
INSERT INTO "xp_pillar" VALUES(503,126,3,0,'2026-02-09T07:38:05.171252+00:00');
INSERT INTO "xp_pillar" VALUES(504,126,4,0,'2026-02-09T07:38:05.171252+00:00');
INSERT INTO "xp_pillar" VALUES(505,127,1,0,'2026-02-09T07:38:05.171252+00:00');
INSERT INTO "xp_pillar" VALUES(506,127,2,0,'2026-02-09T07:38:05.171252+00:00');
INSERT INTO "xp_pillar" VALUES(507,127,3,0,'2026-02-09T07:38:05.171252+00:00');
INSERT INTO "xp_pillar" VALUES(508,127,4,0,'2026-02-09T07:38:05.171252+00:00');
INSERT INTO "xp_pillar" VALUES(509,128,1,0,'2026-02-09T07:38:05.171252+00:00');
INSERT INTO "xp_pillar" VALUES(510,128,2,0,'2026-02-09T07:38:05.171252+00:00');
INSERT INTO "xp_pillar" VALUES(511,128,3,0,'2026-02-09T07:38:05.171252+00:00');
INSERT INTO "xp_pillar" VALUES(512,128,4,0,'2026-02-09T07:38:05.171252+00:00');
INSERT INTO "xp_pillar" VALUES(513,129,1,0,'2026-02-09T07:38:05.171252+00:00');
INSERT INTO "xp_pillar" VALUES(514,129,2,0,'2026-02-09T07:38:05.171252+00:00');
INSERT INTO "xp_pillar" VALUES(515,129,3,0,'2026-02-09T07:38:05.171252+00:00');
INSERT INTO "xp_pillar" VALUES(516,129,4,0,'2026-02-09T07:38:05.171252+00:00');
INSERT INTO "xp_pillar" VALUES(517,130,1,0,'2026-02-09T07:38:05.171252+00:00');
INSERT INTO "xp_pillar" VALUES(518,130,2,0,'2026-02-09T07:38:05.171252+00:00');
INSERT INTO "xp_pillar" VALUES(519,130,3,0,'2026-02-09T07:38:05.171252+00:00');
INSERT INTO "xp_pillar" VALUES(520,130,4,0,'2026-02-09T07:38:05.171252+00:00');
INSERT INTO "xp_pillar" VALUES(521,131,1,0,'2026-02-09T07:38:05.171252+00:00');
INSERT INTO "xp_pillar" VALUES(522,131,2,0,'2026-02-09T07:38:05.171252+00:00');
INSERT INTO "xp_pillar" VALUES(523,131,3,0,'2026-02-09T07:38:05.171252+00:00');
INSERT INTO "xp_pillar" VALUES(524,131,4,0,'2026-02-09T07:38:05.171252+00:00');
INSERT INTO "xp_pillar" VALUES(525,132,1,0,'2026-02-09T07:38:05.171252+00:00');
INSERT INTO "xp_pillar" VALUES(526,132,2,0,'2026-02-09T07:38:05.171252+00:00');
INSERT INTO "xp_pillar" VALUES(527,132,3,0,'2026-02-09T07:38:05.171252+00:00');
INSERT INTO "xp_pillar" VALUES(528,132,4,0,'2026-02-09T07:38:05.171252+00:00');
INSERT INTO "xp_pillar" VALUES(529,133,1,0,'2026-02-09T07:38:05.171252+00:00');
INSERT INTO "xp_pillar" VALUES(530,133,2,0,'2026-02-09T07:38:05.171252+00:00');
INSERT INTO "xp_pillar" VALUES(531,133,3,0,'2026-02-09T07:38:05.171252+00:00');
INSERT INTO "xp_pillar" VALUES(532,133,4,0,'2026-02-09T07:38:05.171252+00:00');
INSERT INTO "xp_pillar" VALUES(533,134,1,0,'2026-02-09T07:38:05.171252+00:00');
INSERT INTO "xp_pillar" VALUES(534,134,2,0,'2026-02-09T07:38:05.171252+00:00');
INSERT INTO "xp_pillar" VALUES(535,134,3,0,'2026-02-09T07:38:05.171252+00:00');
INSERT INTO "xp_pillar" VALUES(536,134,4,0,'2026-02-09T07:38:05.171252+00:00');
INSERT INTO "xp_pillar" VALUES(537,135,1,0,'2026-02-09T07:38:05.171252+00:00');
INSERT INTO "xp_pillar" VALUES(538,135,2,0,'2026-02-09T07:38:05.171252+00:00');
INSERT INTO "xp_pillar" VALUES(539,135,3,0,'2026-02-09T07:38:05.171252+00:00');
INSERT INTO "xp_pillar" VALUES(540,135,4,0,'2026-02-09T07:38:05.171252+00:00');
INSERT INTO "xp_pillar" VALUES(541,136,1,0,'2026-02-09T07:38:05.171252+00:00');
INSERT INTO "xp_pillar" VALUES(542,136,2,0,'2026-02-09T07:38:05.171252+00:00');
INSERT INTO "xp_pillar" VALUES(543,136,3,0,'2026-02-09T07:38:05.171252+00:00');
INSERT INTO "xp_pillar" VALUES(544,136,4,0,'2026-02-09T07:38:05.171252+00:00');
INSERT INTO "xp_pillar" VALUES(545,137,1,0,'2026-02-09T07:38:05.171252+00:00');
INSERT INTO "xp_pillar" VALUES(546,137,2,0,'2026-02-09T07:38:05.171252+00:00');
INSERT INTO "xp_pillar" VALUES(547,137,3,0,'2026-02-09T07:38:05.171252+00:00');
INSERT INTO "xp_pillar" VALUES(548,137,4,0,'2026-02-09T07:38:05.171252+00:00');
INSERT INTO "xp_pillar" VALUES(549,138,1,0,'2026-02-09T07:38:05.171252+00:00');
INSERT INTO "xp_pillar" VALUES(550,138,2,0,'2026-02-09T07:38:05.171252+00:00');
INSERT INTO "xp_pillar" VALUES(551,138,3,0,'2026-02-09T07:38:05.171252+00:00');
INSERT INTO "xp_pillar" VALUES(552,138,4,0,'2026-02-09T07:38:05.171252+00:00');
INSERT INTO "xp_pillar" VALUES(553,139,1,0,'2026-02-09T07:38:05.171252+00:00');
INSERT INTO "xp_pillar" VALUES(554,139,2,0,'2026-02-09T07:38:05.171252+00:00');
INSERT INTO "xp_pillar" VALUES(555,139,3,0,'2026-02-09T07:38:05.171252+00:00');
INSERT INTO "xp_pillar" VALUES(556,139,4,0,'2026-02-09T07:38:05.171252+00:00');
INSERT INTO "xp_pillar" VALUES(557,140,1,0,'2026-02-09T07:38:05.171252+00:00');
INSERT INTO "xp_pillar" VALUES(558,140,2,0,'2026-02-09T07:38:05.171252+00:00');
INSERT INTO "xp_pillar" VALUES(559,140,3,0,'2026-02-09T07:38:05.171252+00:00');
INSERT INTO "xp_pillar" VALUES(560,140,4,0,'2026-02-09T07:38:05.171252+00:00');
INSERT INTO "xp_pillar" VALUES(561,141,1,0,'2026-02-09T07:38:05.171252+00:00');
INSERT INTO "xp_pillar" VALUES(562,141,2,0,'2026-02-09T07:38:05.171252+00:00');
INSERT INTO "xp_pillar" VALUES(563,141,3,0,'2026-02-09T07:38:05.171252+00:00');
INSERT INTO "xp_pillar" VALUES(564,141,4,0,'2026-02-09T07:38:05.171252+00:00');
INSERT INTO "xp_pillar" VALUES(565,142,1,0,'2026-02-09T07:38:05.171252+00:00');
INSERT INTO "xp_pillar" VALUES(566,142,2,0,'2026-02-09T07:38:05.171252+00:00');
INSERT INTO "xp_pillar" VALUES(567,142,3,0,'2026-02-09T07:38:05.171252+00:00');
INSERT INTO "xp_pillar" VALUES(568,142,4,0,'2026-02-09T07:38:05.171252+00:00');
INSERT INTO "xp_pillar" VALUES(569,143,1,0,'2026-02-09T07:38:05.171252+00:00');
INSERT INTO "xp_pillar" VALUES(570,143,2,0,'2026-02-09T07:38:05.171252+00:00');
INSERT INTO "xp_pillar" VALUES(571,143,3,0,'2026-02-09T07:38:05.171252+00:00');
INSERT INTO "xp_pillar" VALUES(572,143,4,0,'2026-02-09T07:38:05.171252+00:00');
INSERT INTO "xp_pillar" VALUES(573,144,1,0,'2026-02-09T07:38:05.171252+00:00');
INSERT INTO "xp_pillar" VALUES(574,144,2,0,'2026-02-09T07:38:05.171252+00:00');
INSERT INTO "xp_pillar" VALUES(575,144,3,0,'2026-02-09T07:38:05.171252+00:00');
INSERT INTO "xp_pillar" VALUES(576,144,4,0,'2026-02-09T07:38:05.171252+00:00');
INSERT INTO "xp_pillar" VALUES(577,145,1,0,'2026-02-09T07:38:05.171252+00:00');
INSERT INTO "xp_pillar" VALUES(578,145,2,0,'2026-02-09T07:38:05.171252+00:00');
INSERT INTO "xp_pillar" VALUES(579,145,3,0,'2026-02-09T07:38:05.171252+00:00');
INSERT INTO "xp_pillar" VALUES(580,145,4,0,'2026-02-09T07:38:05.171252+00:00');
INSERT INTO "xp_pillar" VALUES(581,146,1,0,'2026-02-09T07:38:05.171252+00:00');
INSERT INTO "xp_pillar" VALUES(582,146,2,0,'2026-02-09T07:38:05.171252+00:00');
INSERT INTO "xp_pillar" VALUES(583,146,3,0,'2026-02-09T07:38:05.171252+00:00');
INSERT INTO "xp_pillar" VALUES(584,146,4,0,'2026-02-09T07:38:05.171252+00:00');
INSERT INTO "xp_pillar" VALUES(585,147,1,0,'2026-02-09T07:38:05.172289+00:00');
INSERT INTO "xp_pillar" VALUES(586,147,2,0,'2026-02-09T07:38:05.172289+00:00');
INSERT INTO "xp_pillar" VALUES(587,147,3,0,'2026-02-09T07:38:05.172289+00:00');
INSERT INTO "xp_pillar" VALUES(588,147,4,0,'2026-02-09T07:38:05.172289+00:00');
INSERT INTO "xp_pillar" VALUES(589,148,1,0,'2026-02-09T07:38:05.172289+00:00');
INSERT INTO "xp_pillar" VALUES(590,148,2,0,'2026-02-09T07:38:05.172289+00:00');
INSERT INTO "xp_pillar" VALUES(591,148,3,0,'2026-02-09T07:38:05.172289+00:00');
INSERT INTO "xp_pillar" VALUES(592,148,4,0,'2026-02-09T07:38:05.172289+00:00');
INSERT INTO "xp_pillar" VALUES(593,149,1,0,'2026-02-09T07:38:05.172289+00:00');
INSERT INTO "xp_pillar" VALUES(594,149,2,0,'2026-02-09T07:38:05.172289+00:00');
INSERT INTO "xp_pillar" VALUES(595,149,3,0,'2026-02-09T07:38:05.172289+00:00');
INSERT INTO "xp_pillar" VALUES(596,149,4,0,'2026-02-09T07:38:05.172289+00:00');
INSERT INTO "xp_pillar" VALUES(597,150,1,0,'2026-02-09T07:38:05.172289+00:00');
INSERT INTO "xp_pillar" VALUES(598,150,2,0,'2026-02-09T07:38:05.172289+00:00');
INSERT INTO "xp_pillar" VALUES(599,150,3,0,'2026-02-09T07:38:05.172289+00:00');
INSERT INTO "xp_pillar" VALUES(600,150,4,0,'2026-02-09T07:38:05.172289+00:00');
INSERT INTO "xp_pillar" VALUES(601,151,1,0,'2026-02-09T07:38:05.172289+00:00');
INSERT INTO "xp_pillar" VALUES(602,151,2,0,'2026-02-09T07:38:05.172289+00:00');
INSERT INTO "xp_pillar" VALUES(603,151,3,0,'2026-02-09T07:38:05.172289+00:00');
INSERT INTO "xp_pillar" VALUES(604,151,4,0,'2026-02-09T07:38:05.172289+00:00');
INSERT INTO "xp_pillar" VALUES(605,152,1,0,'2026-02-09T07:38:05.172289+00:00');
INSERT INTO "xp_pillar" VALUES(606,152,2,0,'2026-02-09T07:38:05.172289+00:00');
INSERT INTO "xp_pillar" VALUES(607,152,3,0,'2026-02-09T07:38:05.172289+00:00');
INSERT INTO "xp_pillar" VALUES(608,152,4,0,'2026-02-09T07:38:05.172289+00:00');
INSERT INTO "xp_pillar" VALUES(609,153,1,0,'2026-02-09T07:38:05.172289+00:00');
INSERT INTO "xp_pillar" VALUES(610,153,2,0,'2026-02-09T07:38:05.172289+00:00');
INSERT INTO "xp_pillar" VALUES(611,153,3,0,'2026-02-09T07:38:05.172289+00:00');
INSERT INTO "xp_pillar" VALUES(612,153,4,0,'2026-02-09T07:38:05.172289+00:00');
DELETE FROM "sqlite_sequence";
INSERT INTO "sqlite_sequence" VALUES('roles',132);
INSERT INTO "sqlite_sequence" VALUES('kecamatan',186);
INSERT INTO "sqlite_sequence" VALUES('kelurahan',918);
INSERT INTO "sqlite_sequence" VALUES('postal_codes',918);
INSERT INTO "sqlite_sequence" VALUES('kampung_mapping',918);
INSERT INTO "sqlite_sequence" VALUES('xp_pillar',3672);
INSERT INTO "sqlite_sequence" VALUES('event_participation',1);
COMMIT;
